group,IDNR,sex,grade,age,a1.1,a1.2,a1.3,a1.4,a1.5,a1.6,a1.7,a1.8,a1.9,a1.10,a1.11,a1.12,a1.13,a1.14,a1.15,a1.16
1,40,2,6,13,1,0,1,1,1,1,1,1,1,-9,-9,0,-9,-9,-9,-9
1,123,2,6,13,1,1,1,1,-9,0,1,1,1,-9,0,0,-9,-9,0,0
1,628,1,5,16,1,1,1,1,1,1,1,0,1,-9,1,0,-9,-9,-9,-9
1,810,2,4,12,-9,-9,1,1,-9,0,-9,-9,1,-9,-9,-9,-9,-9,-9,-9
1,699,1,4,11,1,1,1,1,1,1,1,0,1,0,0,-9,-9,-9,-9,-9
1,424,1,5,12,1,-9,1,1,1,1,1,0,1,0,-9,0,-9,-9,-9,-9
1,379,2,6,15,1,1,1,1,1,1,-9,0,1,1,-9,1,-9,-9,-9,-9
1,348,2,6,15,1,-9,1,1,0,0,1,1,1,-9,1,0,-9,-9,-9,-9
1,151,2,6,14,1,1,1,1,1,1,0,1,1,0,1,-9,-9,0,-9,-9
1,536,2,5,13,-9,-9,1,1,-9,0,-9,0,1,-9,-9,-9,-9,-9,-9,-9
1,520,2,5,13,1,1,1,1,1,1,1,1,1,1,-9,0,-9,-9,-9,-9
1,46,1,6,13,1,1,1,1,1,1,1,1,1,1,0,-9,-9,0,-9,-9
1,885,2,4,14,-9,-9,1,1,-9,1,1,1,1,-9,0,-9,0,-9,-9,-9
1,622,2,5,15,0,0,0,1,-9,-9,1,1,1,-9,-9,0,-9,-9,-9,-9
1,464,2,5,12,1,-9,1,1,0,1,0,0,1,-9,-9,0,-9,-9,-9,-9
1,545,1,5,13,0,-9,1,1,0,1,-9,1,1,-9,0,-9,-9,0,-9,-9
1,685,2,4,11,1,0,1,1,1,1,1,0,0,-9,-9,-9,-9,-9,-9,-9
1,201,1,6,14,1,0,1,1,1,1,1,1,-9,0,-9,0,-9,-9,-9,-9
1,873,2,4,13,1,0,0,1,0,0,0,0,-9,-9,-9,-9,-9,-9,-9,-9
1,891,2,4,14,0,-9,1,1,-9,-9,1,0,-9,-9,-9,0,-9,-9,-9,-9
1,127,2,6,13,-9,-9,1,1,-9,-9,-9,1,-9,-9,-9,-9,-9,-9,-9,-9
1,804,1,4,12,1,0,0,0,0,1,-9,-9,-9,-9,-9,-9,-9,-9,-9,-9
1,683,1,4,11,1,0,1,1,-9,0,1,1,-9,-9,-9,-9,-9,-9,0,-9
1,22,2,6,15,0,-9,1,0,-9,-9,-9,-9,-9,-9,-9,-9,-9,-9,-9,-9
1,659,2,4,11,1,0,1,1,0,0,1,-9,-9,-9,-9,-9,-9,-9,-9,-9
1,594,2,5,14,0,0,1,1,0,0,0,-9,-9,-9,-9,-9,-9,-9,-9,-9
1,355,2,6,15,1,1,1,1,0,1,1,0,1,-9,-9,0,0,-9,0,-9
1,610,2,5,15,0,1,1,1,-9,1,1,-9,1,-9,-9,-9,-9,-9,-9,-9
1,614,2,5,15,1,1,1,0,0,0,0,0,1,0,-9,0,-9,0,-9,-9
1,621,1,5,15,1,-9,1,1,1,1,1,0,1,0,-9,-9,-9,-9,-9,-9
1,421,1,5,14,1,1,1,1,-9,-9,-9,-9,1,-9,-9,-9,-9,-9,-9,-9
1,805,2,4,12,1,1,-9,1,-9,0,1,0,1,-9,-9,0,-9,-9,-9,0
1,426,1,5,15,1,0,-9,1,-9,1,1,0,1,-9,-9,-9,-9,-9,-9,-9
1,591,1,5,14,1,1,1,1,1,1,0,0,0,1,1,0,0,-9,-9,-9
1,619,2,5,15,-9,-9,1,1,-9,1,1,0,0,-9,-9,0,-9,-9,-9,-9
1,814,1,4,12,1,0,1,1,0,0,0,0,0,0,0,-9,-9,-9,-9,-9
1,760,2,4,12,1,1,1,-9,1,1,1,1,-9,-9,-9,-9,-9,-9,-9,-9
1,294,1,6,14,1,0,1,1,0,1,0,1,-9,-9,-9,-9,-9,-9,-9,-9
1,790,1,4,12,0,1,1,1,1,0,0,-9,-9,-9,-9,-9,-9,-9,-9,-9
1,511,1,5,13,1,1,1,1,1,1,1,0,1,-9,0,-9,-9,-9,-9,-9
1,298,2,6,14,1,1,1,1,0,0,1,0,1,-9,1,0,-9,-9,-9,-9
1,378,2,6,15,1,1,0,1,1,1,1,0,1,-9,1,-9,1,-9,-9,-9
1,510,1,5,13,1,0,1,1,1,1,1,0,1,1,1,-9,-9,-9,-9,-9
1,842,2,4,13,1,1,1,1,1,1,1,0,1,-9,-9,-9,-9,-9,-9,-9
1,896,1,4,15,1,1,1,1,0,1,1,0,1,-9,0,-9,-9,-9,-9,-9
1,365,1,6,15,1,1,1,1,0,1,-9,0,1,0,1,-9,-9,0,-9,0
1,600,1,5,15,1,1,1,1,1,1,1,0,1,-9,0,0,0,0,-9,-9
1,630,1,4,12,1,1,1,1,-9,1,-9,0,1,-9,-9,-9,-9,-9,-9,-9
1,796,1,4,12,-9,0,1,1,-9,0,0,0,1,-9,-9,-9,-9,0,-9,0
1,652,2,4,13,1,1,1,1,0,1,1,1,1,-9,0,-9,-9,-9,-9,-9
1,48,1,6,13,1,1,1,1,1,1,0,0,1,1,1,0,0,-9,-9,-9
1,402,1,6,16,1,0,1,1,-9,-9,-9,-9,1,-9,-9,-9,-9,-9,-9,-9
1,634,1,4,12,1,1,0,1,1,1,1,0,1,-9,-9,-9,-9,-9,-9,-9
1,562,2,5,14,1,1,1,1,-9,1,1,1,0,-9,-9,0,-9,-9,-9,-9
1,773,2,4,12,1,1,1,0,-9,0,1,0,0,-9,-9,-9,-9,-9,-9,-9
1,395,1,6,16,1,1,1,1,1,1,1,1,1,1,1,-9,-9,-9,-9,-9
1,374,2,6,15,1,-9,1,1,0,1,1,1,1,1,-9,-9,-9,-9,-9,-9
1,215,2,6,14,1,-9,1,1,0,1,1,1,1,-9,-9,0,-9,-9,-9,-9
1,533,1,5,13,1,1,1,1,1,1,1,0,1,1,1,1,-9,0,0,0
1,228,1,6,14,1,1,1,1,0,1,1,1,1,1,0,-9,-9,-9,-9,-9
1,629,1,5,16,0,-9,1,1,1,1,1,1,1,0,1,-9,-9,-9,-9,-9
1,501,1,5,13,1,0,1,1,0,0,1,0,1,1,1,1,-9,-9,0,0
1,593,1,5,14,-9,1,1,1,1,0,1,0,1,-9,-9,-9,-9,-9,-9,-9
1,816,2,4,12,-9,-9,-9,1,-9,1,-9,0,-9,-9,-9,0,-9,-9,-9,-9
1,381,1,6,15,-9,1,1,1,-9,0,1,1,-9,1,-9,-9,-9,-9,-9,-9
1,522,2,5,13,-9,-9,1,1,1,1,1,-9,1,-9,-9,-9,-9,-9,-9,-9
1,279,2,6,14,1,1,1,1,-9,1,1,0,1,0,1,1,-9,0,-9,-9
1,265,2,6,14,1,1,1,1,0,1,1,1,1,0,0,0,-9,0,0,-9
1,376,1,6,15,1,0,1,1,0,1,1,0,1,-9,-9,-9,-9,-9,-9,0
1,59,2,6,13,1,1,1,1,1,1,1,1,1,0,1,-9,-9,0,-9,-9
1,274,2,6,14,1,1,1,1,1,1,1,1,1,0,0,-9,-9,0,0,-9
1,527,1,5,13,1,-9,1,1,-9,1,1,1,1,0,-9,-9,-9,-9,-9,-9
1,399,1,6,16,1,1,1,1,1,1,0,1,1,0,-9,-9,-9,-9,-9,-9
1,409,1,5,12,1,0,1,1,0,0,-9,0,1,-9,-9,0,-9,-9,-9,0
1,427,1,5,14,0,1,1,1,1,-9,-9,1,1,-9,-9,-9,-9,-9,-9,-9
1,100,1,6,13,1,-9,1,1,1,1,0,0,1,-9,0,0,-9,0,-9,0
1,567,2,5,14,0,-9,1,1,-9,1,1,0,1,-9,-9,-9,-9,-9,-9,-9
1,303,2,6,15,1,1,1,1,1,1,0,1,1,0,1,1,-9,-9,-9,-9
1,462,2,5,12,1,1,1,1,-9,1,1,0,1,0,-9,0,-9,-9,-9,-9
1,254,2,6,14,1,0,1,1,1,1,1,0,1,1,0,-9,-9,-9,-9,-9
1,373,1,6,15,1,0,1,1,-9,0,1,0,1,-9,-9,-9,-9,-9,-9,-9
1,282,1,6,14,1,1,1,1,1,0,0,0,1,-9,1,0,-9,-9,-9,-9
1,216,2,6,14,1,1,1,1,1,1,1,0,1,-9,-9,-9,-9,-9,-9,-9
1,586,2,5,14,1,1,1,1,-9,-9,-9,-9,1,-9,-9,-9,-9,-9,-9,-9
1,837,1,4,13,1,0,1,1,-9,1,1,0,1,-9,-9,0,-9,0,-9,0
1,847,2,4,13,1,-9,1,1,1,0,1,0,1,-9,-9,-9,-9,-9,-9,-9
1,186,2,6,14,1,1,1,1,1,1,1,0,1,1,1,1,0,1,-9,0
1,324,2,6,15,1,-9,1,1,1,1,1,1,1,1,0,-9,-9,-9,-9,-9
1,862,2,4,13,1,0,1,1,1,0,0,0,1,-9,-9,0,-9,-9,-9,-9
1,556,2,5,13,1,1,1,1,1,0,1,1,1,-9,-9,0,-9,-9,-9,-9
1,769,2,4,12,1,0,1,1,0,1,-9,1,1,-9,-9,0,-9,-9,-9,-9
1,826,2,4,13,0,1,0,1,1,1,1,1,1,-9,-9,-9,-9,-9,-9,-9
1,557,1,5,13,1,0,1,1,1,1,1,0,1,-9,-9,0,-9,-9,-9,-9
1,125,2,6,13,1,1,1,1,-9,1,1,0,0,-9,-9,-9,-9,-9,-9,-9
1,807,1,4,12,1,-9,1,1,0,1,0,0,0,-9,-9,-9,-9,-9,-9,-9
1,624,2,5,16,1,-9,1,1,1,1,1,0,0,-9,0,0,0,-9,-9,-9
1,592,1,5,14,1,-9,1,1,-9,1,0,-9,0,0,-9,-9,-9,-9,-9,-9
1,690,2,4,11,1,0,1,1,1,1,1,0,0,-9,-9,-9,-9,-9,-9,-9
1,505,1,5,13,1,-9,1,1,-9,1,1,0,-9,0,-9,0,-9,0,-9,-9
1,646,2,4,11,1,0,1,1,1,1,1,-9,-9,-9,-9,-9,-9,-9,-9,-9
1,815,2,4,12,1,1,1,1,-9,0,-9,0,-9,-9,-9,-9,-9,-9,-9,-9
1,852,2,4,13,0,0,1,1,-9,-9,-9,1,-9,-9,-9,0,-9,0,-9,-9
1,706,2,4,11,1,1,1,1,-9,-9,1,1,-9,-9,-9,-9,-9,-9,-9,-9
1,818,2,4,13,1,-9,1,1,1,1,1,0,-9,1,-9,0,-9,-9,-9,-9
1,612,2,5,15,0,0,0,1,0,0,-9,-9,-9,-9,-9,-9,-9,-9,-9,-9
1,864,2,4,13,1,-9,0,1,-9,1,-9,-9,-9,-9,-9,-9,-9,-9,-9,-9
1,334,3,6,15,1,1,1,1,-9,1,1,0,1,0,0,0,1,0,-9,-9
1,176,1,6,14,1,1,1,1,1,1,0,1,1,1,1,1,0,0,0,1
1,58,2,6,13,1,1,1,1,1,1,1,1,1,1,1,-9,-9,-9,-9,-9
1,252,1,6,14,1,0,1,0,1,1,-9,0,1,0,0,0,0,0,0,0
1,302,2,6,14,-9,0,1,1,1,1,1,0,1,-9,0,0,-9,0,-9,-9
1,154,2,6,14,0,-9,1,1,-9,1,1,-9,1,1,0,0,0,-9,-9,-9
1,268,1,6,14,1,1,1,1,1,-9,-9,-9,1,-9,0,1,-9,0,-9,-9
1,271,2,6,14,1,1,1,1,1,1,1,1,1,1,1,-9,-9,-9,-9,-9
1,596,2,5,15,1,0,1,1,-9,1,1,0,1,1,0,-9,-9,-9,-9,-9
1,466,2,5,12,1,1,1,1,1,1,1,1,1,1,1,0,-9,-9,-9,-9
1,198,2,6,14,1,1,1,1,0,1,1,0,1,1,-9,1,-9,0,-9,0
1,382,1,6,16,1,1,1,1,1,1,1,0,1,1,1,-9,-9,-9,-9,-9
1,893,2,4,15,1,1,1,1,0,0,1,1,1,1,0,0,-9,0,-9,-9
1,463,1,5,12,1,-9,1,1,1,1,1,1,1,0,-9,-9,-9,-9,-9,-9
1,576,2,5,14,1,0,0,1,1,1,1,1,1,0,-9,0,0,0,0,-9
1,521,2,5,13,0,-9,1,1,-9,1,1,1,1,-9,0,0,-9,-9,-9,-9
1,490,2,5,13,1,1,1,1,1,1,1,1,1,-9,-9,-9,-9,0,-9,-9
1,595,1,5,15,1,0,1,1,1,1,1,1,1,-9,-9,-9,-9,-9,-9,-9
1,27,2,6,12,1,1,1,1,1,1,1,1,1,-9,-9,-9,-9,-9,-9,-9
1,859,2,4,13,1,1,1,1,0,1,1,0,1,-9,0,0,-9,-9,-9,-9
1,375,1,6,15,1,1,0,1,1,1,0,0,1,0,0,0,-9,-9,0,-9
1,68,1,6,13,1,0,1,1,1,1,1,1,1,0,-9,0,-9,0,-9,-9
1,535,1,5,13,1,1,1,1,1,0,-9,1,1,-9,-9,-9,-9,-9,-9,-9
1,503,2,5,13,1,1,1,1,1,1,1,0,1,1,1,-9,-9,-9,-9,-9
1,280,2,6,14,1,-9,1,1,1,0,1,1,1,1,-9,-9,-9,-9,-9,-9
1,457,1,5,12,-9,1,1,1,1,-9,1,0,1,-9,-9,-9,-9,-9,-9,-9
1,196,2,6,14,1,1,1,1,0,1,1,0,1,0,0,0,-9,-9,-9,-9
1,419,2,5,15,1,1,1,1,0,1,1,1,1,-9,0,0,0,-9,-9,-9
1,407,2,6,16,0,0,1,1,0,1,1,1,1,0,0,0,-9,-9,-9,-9
1,314,2,6,15,1,1,1,1,1,-9,0,1,1,1,-9,1,0,1,-9,-9
1,523,1,5,13,1,1,1,1,1,1,1,0,1,-9,-9,-9,-9,0,0,-9
1,389,1,6,16,1,1,1,1,-9,1,1,0,1,1,1,0,-9,-9,-9,-9
1,172,1,6,14,1,1,1,1,1,1,1,1,1,1,-9,-9,-9,-9,-9,-9
1,759,1,4,12,1,0,1,1,1,0,0,1,1,0,0,0,-9,-9,-9,-9
1,528,2,5,13,1,1,1,1,1,1,1,0,1,-9,1,0,-9,-9,-9,-9
1,558,1,5,13,1,-9,1,1,0,1,1,0,1,-9,0,-9,-9,0,-9,-9
1,777,2,4,12,1,1,1,1,0,1,1,1,1,-9,-9,0,-9,-9,-9,-9
1,105,1,6,13,1,1,1,1,1,-9,1,1,1,1,1,-9,1,0,0,-9
1,890,2,4,14,1,0,1,1,-9,1,1,-9,1,0,0,0,-9,-9,-9,-9
1,726,1,4,12,1,0,1,1,1,1,1,0,1,-9,0,0,-9,-9,-9,-9
1,782,2,4,12,1,0,0,1,-9,1,1,0,1,-9,-9,-9,-9,-9,-9,-9
1,544,1,5,13,1,1,1,1,1,1,1,0,1,-9,0,-9,-9,0,-9,0
1,608,1,5,15,1,1,1,1,1,0,-9,0,1,-9,0,-9,-9,-9,0,-9
1,673,2,4,11,1,-9,1,1,1,1,1,1,1,-9,-9,0,-9,-9,-9,0
1,775,2,4,12,1,0,1,1,1,1,1,0,1,-9,-9,-9,-9,-9,-9,-9
1,899,1,4,15,1,-9,1,1,-9,1,-9,0,1,-9,-9,0,-9,-9,-9,-9
1,708,2,4,11,-9,-9,1,1,-9,-9,-9,-9,1,-9,-9,-9,-9,-9,-9,-9
1,709,2,4,12,1,1,1,1,1,1,1,0,1,1,0,-9,-9,-9,-9,-9
1,477,2,5,13,1,-9,1,1,-9,1,1,1,1,-9,-9,-9,-9,-9,-9,-9
1,808,2,4,12,1,1,1,1,0,0,0,0,0,-9,-9,-9,-9,-9,-9,-9
1,843,1,4,13,1,0,1,1,1,1,1,1,0,0,0,-9,-9,-9,-9,-9
1,828,1,4,13,-9,1,1,1,0,1,1,1,0,0,0,-9,-9,-9,-9,-9
1,115,2,6,13,1,-9,1,1,-9,1,-9,0,-9,-9,-9,-9,-9,-9,-9,-9
1,651,2,4,14,0,0,0,1,-9,-9,1,0,-9,-9,-9,-9,-9,-9,-9,-9
1,537,1,5,13,1,0,1,1,-9,1,-9,-9,-9,-9,-9,-9,-9,-9,-9,-9
1,772,2,4,12,-9,1,1,1,-9,1,-9,0,-9,-9,-9,-9,-9,-9,-9,-9
1,756,1,4,12,1,1,1,1,1,1,1,1,-9,-9,-9,-9,-9,-9,-9,-9
1,787,1,4,12,1,1,1,1,0,-9,-9,-9,-9,-9,-9,-9,-9,-9,-9,-9
1,784,1,4,12,1,-9,1,1,0,1,1,-9,-9,-9,-9,-9,-9,-9,-9,-9
1,422,1,5,13,1,-9,1,1,1,0,-9,1,1,-9,-9,0,-9,-9,-9,-9
1,276,2,6,14,1,1,1,1,1,1,1,0,1,1,-9,0,-9,-9,-9,0
1,736,1,4,12,1,0,1,1,1,1,1,1,1,-9,-9,-9,-9,-9,-9,-9
1,720,1,4,12,1,1,1,1,1,1,1,1,1,1,-9,-9,-9,-9,-9,-9
1,572,2,5,14,-9,-9,1,1,0,1,1,1,1,0,-9,0,-9,-9,-9,-9
1,764,1,4,12,1,1,1,1,1,-9,1,1,1,-9,-9,-9,-9,-9,-9,-9
1,371,2,6,15,0,0,1,1,0,0,1,1,1,0,-9,0,-9,-9,-9,-9
1,888,2,4,14,1,-9,1,1,-9,1,-9,0,1,-9,-9,-9,-9,-9,-9,-9
1,333,2,6,15,1,1,1,1,0,0,1,0,1,0,-9,-9,-9,-9,-9,-9
1,812,2,4,12,-9,-9,0,1,-9,0,0,1,0,0,-9,-9,-9,-9,-9,-9
1,752,1,4,12,1,1,1,1,0,1,-9,-9,-9,-9,-9,-9,-9,-9,-9,-9
1,809,1,4,12,0,0,1,1,0,-9,-9,0,-9,-9,-9,-9,-9,-9,-9,-9
1,283,1,6,14,1,1,1,1,1,1,1,1,1,1,-9,0,1,1,0,-9
1,260,2,6,14,1,1,1,1,1,1,1,0,1,-9,-9,-9,-9,-9,-9,-9
1,270,2,6,14,1,1,1,1,1,1,1,1,1,0,-9,0,0,-9,-9,-9
1,143,2,6,14,1,1,1,1,-9,1,1,1,1,1,1,1,-9,-9,-9,-9
1,695,1,4,11,1,1,1,1,1,1,1,1,1,0,-9,-9,-9,-9,-9,-9
1,225,2,6,14,1,1,1,1,1,0,1,1,1,1,1,1,1,-9,0,-9
1,193,1,6,14,1,1,1,1,1,0,1,1,1,1,1,1,1,1,-9,-9
1,272,1,6,14,1,1,1,1,0,1,1,0,1,-9,1,0,-9,-9,-9,-9
1,396,2,6,16,1,0,1,1,1,-9,-9,0,1,-9,-9,-9,-9,-9,-9,-9
1,869,1,4,13,0,1,1,1,0,-9,0,0,1,-9,1,-9,-9,-9,-9,-9
1,633,2,4,12,1,0,1,1,0,0,1,1,1,0,0,0,-9,-9,-9,-9
1,332,1,6,15,1,1,1,1,1,1,1,1,1,1,1,0,0,-9,0,0
1,122,1,6,13,1,1,1,1,0,1,1,1,1,0,0,1,1,-9,0,-9
1,50,1,6,13,1,1,1,1,1,1,1,1,1,1,1,0,-9,-9,-9,-9
1,210,2,6,14,1,1,1,1,-9,1,1,-9,1,1,1,-9,-9,0,-9,-9
1,506,2,5,13,1,-9,1,1,-9,1,1,0,1,-9,0,1,-9,0,-9,0
1,284,2,6,14,1,0,1,1,1,0,0,0,1,-9,0,0,0,0,-9,0
1,887,1,4,14,1,-9,1,1,-9,0,-9,0,1,0,-9,-9,-9,-9,-9,-9
1,865,3,4,13,0,1,1,1,-9,1,-9,-9,1,-9,0,-9,-9,-9,-9,-9
1,405,1,6,16,1,0,1,1,0,0,0,1,1,-9,-9,0,-9,-9,-9,-9
1,386,1,6,16,1,-9,1,1,1,1,1,0,1,1,1,0,-9,-9,-9,-9
1,455,2,5,12,1,-9,1,1,-9,1,1,1,1,-9,-9,0,-9,-9,-9,-9
1,6,2,6,15,1,1,1,1,1,1,1,1,1,1,1,0,1,-9,-9,-9
1,580,2,5,14,1,1,1,1,1,0,1,0,1,-9,-9,-9,-9,-9,-9,-9
1,627,2,5,16,0,0,1,1,-9,1,1,1,1,-9,-9,-9,-9,-9,-9,-9
1,509,1,5,13,1,1,1,1,1,1,1,0,1,0,0,-9,-9,-9,-9,-9
1,450,2,5,12,1,-9,1,0,-9,1,1,0,1,-9,-9,-9,-9,-9,-9,-9
1,474,1,5,13,-9,0,0,1,0,1,1,0,1,0,0,0,-9,0,-9,-9
1,794,2,4,12,1,1,1,1,1,1,1,0,1,-9,-9,0,-9,0,-9,-9
1,86,1,6,13,1,1,1,1,1,1,1,1,1,0,0,0,1,0,-9,-9
1,128,2,6,13,-9,-9,1,1,-9,1,1,0,1,-9,-9,0,-9,-9,-9,-9
1,23,2,6,14,1,-9,1,0,-9,0,1,0,1,0,-9,0,-9,-9,-9,-9
1,217,2,6,14,1,1,1,1,-9,1,1,1,1,0,-9,-9,-9,-9,-9,-9
1,747,1,4,12,1,1,1,1,1,1,1,0,1,0,1,0,-9,-9,-9,-9
1,858,2,4,13,1,1,1,1,1,0,1,1,1,1,-9,-9,-9,-9,-9,-9
1,741,2,4,12,1,1,1,1,-9,-9,1,1,1,0,1,1,-9,-9,-9,-9
1,745,1,4,12,1,-9,1,1,1,1,1,1,1,-9,1,-9,-9,-9,-9,-9
1,691,1,4,11,1,1,1,1,-9,0,1,1,1,1,-9,0,-9,0,0,-9
1,863,2,4,13,1,1,1,1,1,0,0,1,1,0,0,0,-9,0,-9,-9
1,855,1,4,13,1,1,1,1,1,1,1,0,1,0,0,0,-9,-9,-9,-9
1,650,1,4,11,1,1,1,1,0,1,0,0,1,-9,1,-9,-9,0,-9,-9
1,820,1,4,13,1,1,1,1,1,1,1,1,1,0,-9,-9,-9,-9,-9,-9
1,883,1,4,14,1,1,1,1,0,0,0,0,0,-9,-9,-9,-9,-9,-9,-9
1,616,2,5,15,0,0,0,1,0,1,1,0,0,-9,-9,-9,-9,-9,-9,-9
1,686,1,4,11,-9,-9,1,1,-9,0,-9,-9,0,-9,0,-9,-9,-9,-9,-9
1,662,2,4,13,-9,-9,1,1,-9,-9,-9,-9,0,-9,-9,-9,-9,-9,-9,-9
1,513,2,5,13,1,-9,1,1,-9,1,-9,0,-9,-9,-9,-9,-9,-9,-9,-9
1,548,2,5,13,1,-9,1,1,-9,1,1,1,-9,-9,1,-9,-9,-9,-9,-9
1,578,2,5,14,1,1,1,1,0,1,0,0,-9,-9,-9,-9,-9,-9,-9,-9
1,791,2,4,12,1,0,0,1,1,1,-9,0,-9,-9,-9,-9,-9,-9,-9,-9
1,648,2,4,11,-9,1,1,1,0,1,1,1,-9,-9,1,-9,-9,0,-9,-9
1,717,1,4,12,1,1,1,1,1,1,1,1,1,-9,1,0,1,-9,0,-9
1,53,1,6,13,1,1,0,1,1,1,-9,1,1,-9,-9,-9,-9,-9,-9,-9
1,75,2,6,13,1,1,1,1,1,1,1,1,1,1,0,-9,-9,-9,-9,-9
1,82,2,6,13,1,0,1,1,1,1,1,1,1,1,1,0,0,0,0,-9
1,549,1,5,13,1,1,1,1,1,1,1,1,1,1,0,-9,-9,-9,-9,-9
1,18,1,6,14,1,1,1,1,1,1,1,1,1,-9,1,0,0,0,-9,-9
1,130,1,6,14,1,1,1,1,1,1,1,0,1,-9,-9,-9,-9,-9,0,-9
1,133,1,6,14,1,1,1,1,0,1,1,0,1,1,0,0,0,0,-9,-9
1,175,1,6,14,1,0,1,1,1,1,1,1,1,0,0,-9,-9,0,-9,0
1,185,1,6,14,1,1,1,1,1,0,1,1,1,1,-9,-9,-9,1,-9,-9
1,194,1,6,14,1,1,1,1,1,0,1,0,1,1,0,0,-9,1,-9,-9
1,205,1,6,14,1,1,1,1,1,1,1,1,1,1,0,1,0,0,0,-9
1,249,1,6,14,1,1,1,1,1,1,1,1,1,1,-9,0,-9,-9,1,1
1,288,2,6,14,1,1,1,1,1,1,1,0,1,1,1,0,1,-9,0,0
1,297,2,6,14,1,1,1,1,1,-9,1,1,1,1,1,0,-9,0,0,-9
1,342,2,6,15,1,1,0,1,-9,1,1,1,1,-9,0,-9,-9,-9,1,-9
1,343,2,6,15,-9,1,0,1,1,1,1,0,1,-9,1,-9,-9,0,-9,-9
1,366,2,6,15,1,-9,1,1,0,1,1,0,1,0,1,-9,-9,-9,-9,-9
1,70,2,6,13,1,0,1,1,0,0,1,1,1,1,0,1,1,-9,-9,-9
1,539,1,5,13,1,1,1,1,1,1,0,0,1,-9,-9,-9,-9,-9,-9,-9
1,10,2,6,14,1,1,1,1,1,1,1,0,1,0,1,0,1,-9,0,-9
1,296,1,6,14,0,1,1,1,1,1,0,0,1,1,0,0,0,0,0,0
1,316,2,6,15,1,1,1,1,1,1,1,0,1,0,-9,0,-9,0,-9,-9
1,835,2,4,13,1,-9,1,1,0,1,1,1,1,1,-9,0,0,-9,-9,-9
1,401,2,6,16,1,0,1,1,-9,1,1,1,1,0,0,0,0,-9,-9,-9
1,13,1,6,14,1,1,1,1,1,1,1,1,1,1,0,1,-9,0,1,-9
1,245,1,6,14,1,1,1,1,1,1,1,1,1,1,0,-9,0,-9,-9,-9
1,138,2,6,14,1,1,1,1,1,1,1,0,1,0,-9,0,0,-9,-9,-9
1,5,2,6,13,1,1,1,1,1,1,0,1,1,0,0,0,-9,-9,-9,-9
1,51,2,6,13,1,0,1,1,0,1,1,0,1,0,-9,-9,-9,-9,-9,-9
1,56,2,6,13,1,1,1,1,1,1,1,1,1,0,0,0,1,-9,0,-9
1,106,1,6,13,1,1,1,1,1,1,1,0,1,1,1,-9,1,-9,-9,-9
1,309,2,6,15,1,1,1,1,0,1,1,1,1,-9,1,1,1,1,-9,-9
1,267,1,6,14,1,1,1,1,1,1,1,0,1,-9,1,0,0,0,-9,-9
1,161,2,6,14,1,1,1,1,1,1,1,1,1,1,1,1,-9,1,-9,-9
1,281,2,6,14,1,1,1,1,1,1,1,0,1,1,1,0,1,-9,0,-9
1,57,1,6,13,1,1,1,1,1,1,1,0,1,0,-9,-9,-9,-9,-9,-9
1,113,2,6,13,1,1,1,1,1,1,1,1,1,0,0,0,0,-9,-9,-9
1,163,2,6,14,1,1,1,1,1,1,1,1,1,-9,1,-9,1,-9,0,-9
1,577,1,5,14,1,1,1,1,1,1,1,1,1,1,1,0,1,0,0,-9
1,178,2,6,14,1,1,1,1,1,1,1,1,1,-9,1,1,1,1,0,-9
1,295,1,6,14,1,1,1,1,1,1,1,1,1,0,1,0,-9,0,-9,0
1,129,2,6,14,1,1,1,1,1,1,1,0,1,-9,-9,-9,-9,-9,-9,-9
1,159,2,6,14,1,1,1,1,1,1,1,1,1,-9,-9,0,-9,-9,-9,-9
1,442,1,5,12,1,1,1,1,-9,0,1,1,1,1,1,0,1,-9,-9,-9
1,233,1,6,14,1,1,1,1,0,1,1,1,1,1,0,0,-9,1,1,-9
1,109,2,6,13,1,1,1,1,1,1,1,1,1,1,-9,-9,0,-9,-9,-9
1,209,2,6,14,1,1,1,1,1,1,1,1,1,1,1,0,1,1,0,0
1,77,2,6,13,1,1,1,1,0,1,1,0,1,0,0,0,0,0,0,-9
1,119,2,6,13,1,1,1,1,1,1,-9,0,1,1,0,0,0,0,-9,0
1,692,2,4,11,1,0,1,1,1,0,1,0,1,-9,1,0,-9,0,0,-9
1,167,1,6,14,1,1,1,1,1,1,-9,1,1,-9,1,0,-9,-9,-9,-9
1,99,2,6,13,1,1,1,1,1,1,1,1,1,1,-9,0,1,-9,-9,-9
1,359,2,6,15,1,1,1,1,1,1,1,1,1,-9,-9,1,-9,-9,0,-9
1,491,1,5,13,1,1,1,1,0,1,1,0,1,1,1,0,0,0,1,0
1,230,2,6,14,1,1,1,1,-9,1,1,0,1,-9,0,0,-9,-9,-9,-9
1,564,2,5,14,1,-9,1,1,1,1,1,0,1,0,-9,0,-9,-9,-9,0
1,339,2,6,15,1,1,1,1,1,1,1,1,1,1,1,-9,0,0,-9,-9
1,349,2,6,15,1,1,1,1,0,1,1,0,1,-9,1,0,-9,-9,-9,-9
1,361,2,6,15,1,1,1,1,0,1,1,1,1,0,-9,1,-9,0,-9,-9
1,598,1,5,15,1,1,1,1,1,1,1,1,1,-9,1,0,-9,1,-9,-9
1,392,1,6,16,1,0,1,1,1,1,1,0,1,0,1,0,-9,0,0,0
1,400,2,6,16,1,0,1,0,-9,1,1,0,1,-9,-9,-9,-9,-9,-9,-9
1,654,1,4,11,1,-9,0,1,0,1,1,1,1,-9,-9,1,-9,-9,-9,-9
1,166,1,6,14,0,1,1,1,1,1,1,0,1,1,0,0,0,-9,-9,-9
1,603,2,5,15,1,1,1,1,1,1,1,1,1,0,-9,-9,-9,-9,-9,-9
1,171,1,6,14,1,1,1,1,1,1,1,1,1,-9,1,1,-9,1,-9,-9
1,208,1,6,14,1,1,1,1,0,1,-9,1,1,-9,1,-9,-9,-9,-9,-9
1,229,2,6,14,1,1,1,1,1,1,1,1,1,-9,0,0,1,1,0,0
1,146,1,6,14,1,1,1,1,1,1,1,1,1,1,1,1,1,-9,-9,-9
1,179,2,6,14,1,1,1,1,1,1,1,0,1,1,-9,-9,-9,-9,-9,-9
1,224,2,6,14,1,1,1,1,-9,1,1,0,1,1,-9,0,-9,0,0,0
1,445,1,5,12,1,1,1,1,1,1,1,1,1,-9,-9,0,-9,0,-9,-9
1,160,1,6,14,1,1,1,1,1,1,1,1,1,1,0,1,1,1,0,-9
1,170,2,6,14,1,1,1,1,-9,1,-9,0,1,1,-9,-9,0,-9,-9,-9
1,253,2,6,14,1,1,1,1,0,1,1,0,1,1,1,0,-9,-9,-9,-9
1,458,2,5,12,1,1,1,1,1,1,0,1,1,0,1,1,-9,-9,-9,-9
1,74,1,6,13,1,1,1,1,1,1,1,1,1,-9,1,-9,-9,1,-9,-9
1,345,2,6,15,1,1,1,1,0,1,0,0,1,-9,1,-9,-9,-9,-9,-9
1,192,1,6,14,1,1,1,1,1,1,1,0,1,-9,0,-9,-9,-9,-9,-9
1,243,2,6,14,1,0,1,1,1,1,1,0,1,-9,-9,0,0,0,-9,-9
1,158,2,6,14,1,1,1,1,-9,1,1,0,1,0,0,-9,-9,-9,-9,-9
1,413,2,5,12,1,0,0,1,0,0,0,1,1,-9,-9,-9,-9,-9,-9,-9
1,722,1,4,12,1,0,1,1,1,1,1,0,1,-9,-9,0,-9,-9,-9,-9
1,61,2,6,13,1,1,1,1,1,1,1,1,1,1,1,1,1,0,-9,0
1,425,1,5,13,1,0,1,1,1,-9,0,1,1,1,1,-9,-9,0,-9,-9
1,9,1,6,14,1,1,1,1,1,1,1,0,1,0,-9,0,-9,-9,-9,-9
1,187,2,6,14,1,0,1,1,1,1,1,1,1,1,0,0,-9,0,1,0
1,203,2,6,14,1,1,1,1,1,1,1,1,1,1,-9,1,0,-9,-9,-9
1,222,2,6,14,1,1,1,1,0,1,1,0,1,-9,-9,-9,-9,-9,-9,-9
1,456,1,5,12,1,1,1,1,0,1,1,1,1,0,1,-9,-9,0,-9,-9
1,107,2,6,13,1,1,1,1,1,1,1,0,1,1,1,1,-9,-9,-9,-9
1,189,1,6,14,1,1,1,1,1,1,1,1,1,1,1,-9,1,1,0,-9
1,212,2,6,14,1,1,1,1,1,1,1,1,1,1,0,0,-9,-9,-9,-9
1,236,2,6,14,1,1,1,1,1,1,1,0,1,1,0,-9,-9,-9,-9,-9
1,248,2,6,14,1,1,1,1,-9,1,1,1,1,-9,-9,1,-9,-9,-9,-9
1,286,1,6,14,1,0,1,1,1,1,1,1,1,0,-9,0,0,0,0,-9
1,437,2,5,12,1,1,1,1,1,1,1,0,1,0,1,0,1,1,-9,-9
1,135,1,6,14,1,1,1,1,1,1,1,1,1,0,1,-9,-9,-9,-9,-9
1,111,2,6,13,1,1,1,1,-9,1,1,0,1,1,-9,1,1,0,-9,-9
1,494,1,5,13,1,1,1,1,1,1,1,1,1,1,1,0,1,1,-9,-9
1,165,2,6,14,1,1,1,1,1,1,1,0,1,0,0,-9,-9,-9,-9,-9
1,199,2,6,14,1,1,1,1,1,1,1,-9,1,1,0,-9,0,-9,-9,-9
1,277,2,6,14,0,0,1,1,-9,1,1,1,1,-9,-9,0,-9,-9,-9,-9
1,299,2,6,14,1,-9,0,1,0,1,1,0,1,-9,0,0,-9,0,-9,-9
1,504,1,5,13,1,1,1,1,0,1,1,1,1,0,-9,0,-9,-9,-9,-9
1,369,2,6,15,1,1,1,1,1,1,1,1,1,1,1,-9,1,-9,-9,-9
1,435,1,5,12,1,1,1,1,1,1,1,1,1,1,1,1,1,-9,-9,-9
1,211,1,6,14,1,1,1,1,1,1,1,1,1,1,1,1,1,1,-9,-9
1,581,2,5,14,1,0,1,1,-9,1,1,0,1,-9,1,-9,-9,-9,-9,-9
1,114,1,6,13,1,1,1,1,-9,0,1,0,1,0,-9,0,-9,-9,-9,-9
1,259,2,6,14,1,1,1,1,-9,1,1,1,1,1,1,-9,-9,-9,-9,-9
1,304,2,6,15,1,1,1,1,1,1,1,0,1,0,0,0,0,0,-9,0
1,679,2,4,11,1,0,1,1,1,1,1,1,1,0,-9,0,-9,-9,-9,-9
1,35,1,6,13,1,1,1,1,0,1,1,1,1,1,1,1,1,-9,-9,-9
1,65,1,6,13,1,1,1,1,1,1,1,0,1,-9,0,-9,1,-9,1,-9
1,96,2,6,13,1,1,1,1,1,1,1,1,1,1,1,0,-9,0,0,0
1,493,2,5,13,1,1,1,1,1,1,1,1,1,-9,-9,0,-9,-9,0,-9
1,555,2,5,13,1,1,1,1,-9,1,1,0,1,1,-9,0,0,-9,-9,-9
1,144,1,6,14,1,1,1,1,-9,1,1,1,1,-9,-9,0,1,-9,-9,-9
1,156,2,6,14,1,0,1,1,1,1,0,0,1,1,0,0,-9,-9,-9,0
1,251,2,6,14,1,-9,1,1,0,1,1,1,1,-9,-9,0,-9,-9,1,0
1,579,2,5,14,-9,1,1,1,1,1,0,0,1,-9,1,-9,0,0,0,-9
1,602,2,5,15,1,1,1,1,1,0,1,1,1,-9,-9,0,-9,-9,-9,-9
1,174,1,6,14,1,0,1,1,1,1,1,0,1,0,1,0,0,-9,-9,-9
1,45,1,6,13,1,1,1,1,1,1,1,1,1,1,0,1,-9,0,-9,-9
1,694,2,4,11,1,1,1,1,-9,1,1,1,1,-9,-9,0,-9,0,-9,-9
1,69,1,6,13,1,0,1,1,1,1,1,1,1,0,1,-9,-9,-9,-9,-9
1,101,1,6,13,1,1,1,1,1,1,1,1,1,1,1,1,0,-9,-9,-9
1,514,2,5,13,0,1,1,1,0,1,1,0,1,-9,-9,-9,-9,-9,-9,-9
1,155,2,6,14,1,1,1,1,1,1,1,1,1,-9,0,0,0,-9,-9,0
1,246,2,6,14,1,1,1,1,1,1,0,1,1,0,-9,-9,-9,0,-9,-9
1,383,1,6,16,1,1,1,1,1,1,1,1,1,1,1,1,-9,-9,1,-9
1,91,2,6,13,1,1,1,1,1,1,1,0,1,-9,0,-9,-9,-9,-9,-9
1,811,2,4,12,0,0,1,1,-9,1,1,0,1,-9,-9,0,-9,0,-9,-9
1,479,1,5,13,1,1,1,1,0,0,1,0,1,-9,1,0,1,-9,-9,-9
1,830,1,4,13,1,1,1,1,1,1,1,1,1,1,1,0,-9,-9,-9,-9
1,429,1,5,14,1,1,1,1,1,1,1,0,1,1,1,0,0,0,0,0
1,315,1,6,15,1,1,1,1,1,1,1,1,1,-9,1,0,0,-9,-9,-9
1,112,2,6,13,1,1,1,1,1,1,1,1,1,-9,0,1,-9,0,-9,-9
1,226,1,6,14,1,1,1,1,1,1,1,1,1,-9,-9,-9,-9,-9,-9,-9
1,240,2,6,14,1,-9,1,1,-9,1,1,1,1,1,-9,0,-9,-9,-9,-9
1,300,1,6,14,1,0,1,1,-9,0,1,1,1,0,-9,-9,-9,-9,-9,-9
1,542,2,5,13,1,1,1,1,1,1,1,0,1,-9,0,0,0,-9,-9,-9
1,431,2,5,11,1,1,1,1,1,1,1,0,1,1,0,0,1,-9,-9,-9
1,714,1,4,12,1,1,1,1,1,1,1,1,1,-9,-9,0,-9,-9,-9,-9
1,182,1,6,14,1,1,1,1,1,1,1,1,1,1,1,0,1,1,-9,-9
1,218,2,6,14,1,1,1,1,1,1,0,1,1,1,1,-9,-9,-9,-9,-9
1,326,2,6,15,1,1,1,1,1,1,1,0,1,-9,1,-9,0,-9,-9,0
1,625,1,5,16,1,0,1,1,1,0,1,1,1,-9,-9,-9,-9,-9,-9,-9
1,496,2,5,13,1,1,1,1,1,1,0,1,1,0,1,-9,-9,-9,-9,-9
1,17,2,6,14,1,1,1,1,-9,1,1,1,1,1,1,1,1,-9,-9,-9
1,232,1,6,14,1,1,1,1,1,1,1,1,1,1,1,-9,-9,-9,0,-9
1,703,2,4,11,1,1,1,1,1,1,1,0,1,-9,-9,-9,-9,-9,-9,-9
1,727,2,4,12,1,1,1,1,1,1,-9,0,1,-9,1,0,0,-9,-9,-9
1,8,2,6,13,1,1,1,1,1,1,1,1,1,-9,-9,1,-9,0,-9,-9
1,164,2,6,14,1,1,1,1,1,1,1,1,1,1,1,1,1,-9,-9,-9
1,214,2,6,14,1,1,1,1,1,1,1,1,1,0,1,0,0,-9,-9,0
1,238,2,6,14,1,1,1,1,1,1,1,1,1,1,1,1,-9,-9,-9,-9
1,319,2,6,15,1,-9,1,1,-9,0,1,0,1,1,1,0,1,0,0,0
1,322,1,6,15,1,1,1,1,1,1,1,0,1,0,1,1,0,0,0,-9
1,12,2,6,14,1,1,1,1,1,1,1,1,1,-9,0,0,-9,-9,-9,-9
1,640,2,4,11,1,-9,1,1,1,1,1,1,1,-9,-9,-9,-9,-9,-9,-9
1,733,1,4,12,1,1,1,1,1,1,1,1,1,-9,0,0,-9,-9,-9,-9
1,54,2,6,13,1,1,1,1,1,0,1,0,1,1,0,0,-9,1,0,-9
1,108,2,6,13,1,0,1,1,0,1,1,0,1,0,0,-9,-9,-9,-9,-9
1,213,2,6,14,1,1,1,1,1,1,1,1,1,1,1,0,-9,0,1,0
1,321,1,6,15,1,1,1,1,1,1,1,1,1,-9,-9,-9,-9,-9,-9,-9
1,102,2,6,13,1,1,1,1,1,1,1,0,1,1,1,1,0,-9,-9,-9
1,618,2,5,15,1,0,1,1,-9,0,1,1,1,-9,-9,-9,-9,-9,-9,-9
1,590,2,5,14,-9,-9,1,0,-9,0,-9,1,1,-9,-9,-9,-9,-9,-9,-9
1,97,1,6,13,1,0,1,1,1,1,0,0,1,0,1,0,0,-9,-9,-9
1,488,1,5,13,1,1,1,1,1,1,1,0,1,-9,0,1,-9,-9,0,-9
1,350,2,6,15,1,1,1,1,1,1,1,0,1,-9,0,0,0,-9,-9,-9
1,364,2,6,15,1,0,1,1,-9,1,1,0,1,-9,-9,0,-9,0,-9,-9
1,44,2,6,13,1,1,1,1,1,1,1,0,1,1,1,0,-9,0,-9,-9
1,87,1,6,13,1,1,1,1,1,1,1,1,1,1,1,0,1,-9,0,-9
1,94,2,6,13,1,1,1,1,1,1,1,0,1,0,1,-9,-9,-9,-9,-9
1,275,2,6,14,1,1,1,1,-9,0,1,1,1,1,1,1,-9,0,1,0
1,338,1,6,15,1,1,1,1,1,1,1,0,1,-9,0,1,-9,-9,-9,-9
1,398,2,6,16,-9,-9,1,1,1,1,1,1,1,-9,-9,0,-9,-9,-9,-9
1,404,2,6,16,1,0,1,1,0,1,0,0,1,-9,-9,-9,-9,-9,-9,-9
1,126,1,6,13,0,0,1,1,-9,1,1,1,1,0,0,0,-9,0,-9,-9
1,177,2,6,14,1,1,1,1,1,1,1,1,1,1,0,1,-9,-9,0,-9
1,227,2,6,14,1,1,1,1,-9,1,1,1,1,0,1,1,-9,0,-9,-9
1,441,2,5,12,1,0,1,1,1,1,1,1,1,1,1,-9,0,1,0,-9
1,2,2,6,13,1,1,1,1,1,1,1,1,1,0,1,1,-9,-9,-9,-9
1,84,1,6,13,1,1,1,1,1,1,1,0,1,1,-9,0,0,1,-9,-9
1,530,2,5,13,1,1,1,1,1,1,1,0,1,1,1,1,-9,-9,-9,-9
1,148,1,6,14,1,1,1,1,1,1,1,1,1,-9,0,0,-9,-9,-9,-9
1,152,2,6,14,1,1,1,1,1,1,1,0,1,1,0,1,1,0,-9,-9
1,532,2,5,13,0,0,1,1,-9,1,1,0,1,0,-9,0,-9,-9,-9,-9
1,446,1,5,12,1,1,1,1,1,0,1,0,1,0,0,-9,-9,0,0,-9
1,785,2,4,12,1,1,1,1,1,1,1,1,1,-9,1,0,-9,-9,-9,0
1,33,2,6,13,1,1,1,1,-9,1,1,1,1,1,1,0,0,-9,-9,-9
1,482,1,5,13,0,1,1,1,1,1,1,0,1,-9,0,-9,-9,-9,-9,-9
1,497,1,5,13,1,1,1,1,1,1,1,0,1,-9,-9,-9,-9,-9,-9,-9
1,184,2,6,14,1,-9,1,1,0,1,1,0,1,1,0,0,-9,-9,-9,-9
1,645,2,4,11,1,0,1,1,0,1,1,1,1,-9,-9,-9,-9,-9,-9,-9
1,565,1,5,14,1,1,1,1,1,1,1,1,1,0,0,0,-9,-9,-9,-9
1,368,2,6,15,1,1,1,1,-9,1,1,0,1,1,0,-9,-9,-9,-9,0
1,269,2,6,14,1,1,1,1,1,1,1,1,1,0,0,-9,1,-9,0,0
1,443,1,5,12,1,1,1,1,1,1,1,1,1,1,0,0,0,-9,-9,-9
1,328,1,6,15,1,1,1,1,-9,1,1,0,1,-9,-9,-9,-9,-9,-9,0
1,26,2,6,12,1,1,1,1,1,1,1,1,1,1,1,0,-9,-9,-9,-9
1,117,2,6,13,1,1,1,1,1,1,1,1,1,-9,1,-9,-9,-9,-9,-9
1,142,2,6,14,1,1,1,1,1,1,1,1,1,1,0,-9,0,0,-9,-9
1,150,1,6,14,1,1,1,1,1,1,1,0,1,1,1,0,0,0,0,0
1,207,2,6,14,1,1,1,1,0,1,1,0,1,-9,1,-9,-9,0,-9,-9
1,4,1,6,15,1,-9,1,1,1,1,1,1,1,-9,1,0,-9,-9,-9,-9
1,547,1,5,13,1,1,1,1,0,0,1,1,1,-9,0,0,-9,-9,-9,-9
1,234,2,6,14,1,0,1,1,0,1,1,1,1,0,1,0,-9,0,0,-9
1,306,2,6,15,1,1,1,1,1,1,1,1,1,1,0,1,0,-9,-9,-9
1,765,2,4,12,1,-9,1,1,1,1,1,0,1,-9,-9,-9,-9,-9,-9,-9
1,14,1,6,13,1,1,1,1,1,1,1,1,1,1,0,0,-9,-9,-9,-9
1,42,2,6,13,1,1,1,1,0,0,1,1,1,1,1,0,1,1,0,-9
1,139,1,6,14,1,-9,1,1,1,1,1,1,1,-9,-9,-9,-9,-9,-9,-9
1,153,2,6,14,1,1,1,1,1,1,-9,0,1,-9,1,1,-9,-9,-9,-9
1,188,2,6,14,1,-9,1,1,1,1,1,0,1,1,-9,-9,1,-9,-9,-9
1,241,1,6,14,1,1,1,1,1,1,1,0,1,0,1,-9,0,1,0,-9
1,273,2,6,14,1,1,1,1,0,1,1,1,1,-9,0,0,-9,0,-9,-9
1,696,1,4,11,1,1,1,1,0,1,0,0,1,1,-9,0,-9,0,0,0
1,81,1,6,13,1,1,1,1,0,1,1,1,1,0,1,1,1,-9,-9,-9
1,72,2,6,13,1,1,1,1,1,1,1,1,1,0,-9,0,-9,-9,0,-9
1,485,2,5,13,1,1,1,1,-9,1,1,0,1,1,0,-9,1,-9,-9,-9
1,541,1,5,13,1,1,1,1,1,1,1,1,1,0,0,0,-9,-9,-9,-9
1,137,1,6,14,1,1,1,1,1,0,1,1,1,1,-9,-9,-9,0,-9,-9
1,255,2,6,14,1,0,1,1,0,1,1,1,1,-9,0,0,1,-9,-9,-9
1,367,2,6,15,1,1,1,1,1,0,1,0,1,0,0,0,-9,-9,-9,0
1,609,2,5,15,1,1,1,1,1,1,1,0,1,-9,1,-9,-9,-9,-9,-9
1,874,2,4,13,1,0,0,1,-9,-9,1,0,1,-9,-9,-9,-9,-9,-9,-9
1,347,1,6,15,1,1,1,1,0,1,0,1,1,1,1,1,-9,-9,-9,-9
1,291,2,6,14,1,1,1,1,-9,1,1,1,1,1,-9,-9,-9,-9,-9,-9
1,432,2,5,11,1,1,1,1,1,1,1,1,1,-9,1,0,1,-9,-9,-9
1,676,2,4,11,1,1,1,1,1,1,1,1,1,-9,-9,-9,-9,-9,-9,-9
1,30,2,6,12,1,1,1,1,1,1,1,1,1,1,1,0,1,1,0,-9
1,439,1,5,12,0,1,1,1,-9,0,0,1,1,1,0,-9,-9,0,0,-9
1,52,1,6,13,1,1,1,1,1,1,1,0,1,1,0,0,-9,0,0,1
1,78,2,6,13,1,1,1,1,1,1,1,0,1,1,0,-9,-9,-9,-9,-9
1,80,2,6,13,1,1,1,1,1,1,1,1,1,-9,0,0,-9,-9,0,0
1,90,2,6,13,1,1,1,1,-9,1,1,1,1,1,-9,0,1,-9,-9,-9
1,136,1,6,14,1,1,1,1,1,1,1,1,1,0,1,-9,0,-9,-9,-9
1,157,2,6,14,1,1,1,1,1,1,1,1,1,0,0,1,0,0,0,-9
1,223,1,6,14,1,0,1,1,-9,1,1,1,1,0,0,0,0,0,-9,0
1,262,2,6,14,1,1,1,1,-9,1,1,1,1,-9,1,0,0,0,-9,-9
1,3,2,6,15,1,0,1,1,1,1,1,1,1,1,1,0,-9,-9,-9,-9
1,24,2,6,15,-9,-9,0,1,-9,1,0,0,1,0,-9,0,-9,-9,-9,-9
1,313,2,6,15,1,1,1,1,1,1,0,1,1,1,-9,-9,-9,-9,-9,-9
1,318,2,6,15,1,0,1,1,1,1,0,1,1,-9,1,0,0,-9,-9,-9
1,331,1,6,15,1,1,1,1,-9,0,1,1,1,0,-9,-9,-9,-9,-9,-9
1,601,2,5,15,1,1,1,1,1,1,1,1,1,-9,-9,-9,-9,-9,-9,-9
1,476,1,5,13,1,0,0,1,1,1,-9,1,1,-9,0,0,-9,-9,-9,-9
1,881,1,4,14,1,-9,1,1,1,1,-9,1,1,-9,-9,0,-9,-9,-9,-9
1,344,1,6,15,1,0,1,1,0,1,1,0,1,0,1,-9,-9,-9,-9,-9
1,751,1,4,12,1,0,1,1,1,1,1,0,1,0,-9,-9,-9,-9,-9,-9
1,766,2,4,12,1,1,0,0,1,1,1,0,1,0,0,0,0,0,-9,-9
1,380,2,6,15,-9,0,0,1,0,0,1,1,1,0,-9,-9,-9,-9,-9,-9
1,121,2,6,13,1,1,1,1,1,1,1,1,1,-9,0,1,-9,-9,-9,0
1,239,1,6,14,1,0,1,1,1,1,0,1,1,0,-9,-9,-9,0,-9,-9
1,700,2,4,11,1,0,1,1,0,0,-9,0,1,-9,-9,-9,-9,-9,-9,-9
1,467,2,5,12,1,1,1,1,-9,1,0,0,1,-9,-9,0,-9,-9,-9,-9
1,120,2,6,13,1,1,1,1,1,1,1,-9,1,0,0,0,0,0,-9,-9
1,480,2,5,13,1,0,1,1,1,1,1,0,1,0,-9,-9,-9,-9,-9,-9
1,20,1,6,14,1,1,1,1,-9,1,1,1,1,0,-9,-9,-9,-9,-9,-9
1,266,2,6,14,1,1,1,1,1,-9,1,1,1,1,1,1,1,0,1,-9
1,384,1,6,16,1,1,1,1,1,1,1,-9,1,-9,1,0,-9,-9,-9,-9
1,47,2,6,13,1,1,1,1,0,1,0,0,1,1,0,0,-9,0,0,-9
1,98,2,6,13,1,1,1,1,0,1,1,0,1,1,1,0,1,1,0,-9
1,162,2,6,14,1,1,0,1,0,1,1,1,1,-9,-9,-9,-9,-9,-9,-9
1,191,2,6,14,1,1,1,1,1,1,1,1,1,1,1,0,0,-9,-9,-9
1,889,2,4,14,1,0,1,1,1,-9,1,1,1,-9,0,0,-9,-9,-9,0
1,755,2,4,12,1,1,1,1,1,1,0,1,1,1,1,-9,-9,-9,-9,-9
1,11,2,6,13,1,1,1,1,-9,1,1,1,1,-9,-9,1,-9,-9,-9,-9
1,838,2,4,13,1,1,1,1,-9,1,1,1,1,0,1,1,-9,-9,-9,-9
1,285,1,6,14,-9,1,1,1,1,1,1,-9,1,-9,1,-9,-9,-9,-9,-9
1,570,2,5,14,1,-9,1,1,-9,1,-9,-9,1,-9,-9,-9,-9,-9,-9,-9
1,110,2,6,13,1,1,1,1,1,1,1,1,1,-9,1,0,-9,-9,-9,-9
1,465,1,5,12,0,-9,1,1,-9,1,-9,0,1,-9,-9,-9,-9,-9,-9,-9
1,206,2,6,14,1,1,1,1,1,0,0,1,1,-9,0,0,-9,-9,-9,-9
1,898,1,4,15,1,1,1,1,1,0,-9,1,1,-9,-9,-9,0,-9,-9,-9
1,658,2,4,11,1,0,1,1,-9,0,1,1,1,0,-9,-9,-9,-9,-9,-9
1,412,1,5,12,1,1,1,1,1,1,1,1,1,0,1,0,-9,-9,-9,-9
1,451,2,5,12,1,1,1,1,1,1,1,1,1,-9,-9,-9,1,-9,-9,-9
1,721,2,4,12,1,1,1,1,-9,0,1,0,1,-9,0,-9,-9,-9,0,-9
1,801,2,4,12,1,-9,1,1,0,1,1,0,1,0,-9,0,-9,-9,-9,-9
1,538,2,5,13,1,1,0,1,1,1,1,0,1,0,0,1,-9,0,0,-9
1,15,2,6,14,1,1,1,1,-9,1,-9,0,1,-9,-9,-9,-9,0,-9,-9
1,168,2,6,14,1,1,1,1,1,1,1,0,1,-9,1,1,-9,-9,-9,-9
1,356,2,6,15,1,0,1,1,-9,0,0,0,1,0,1,0,-9,-9,-9,-9
1,637,1,4,15,1,-9,1,1,-9,-9,1,1,1,-9,-9,-9,-9,-9,-9,-9
1,195,2,6,14,1,1,1,1,0,1,0,0,1,0,0,0,-9,0,-9,-9
1,411,1,5,12,1,1,1,1,1,0,1,0,1,0,-9,0,-9,-9,-9,-9
1,43,2,6,13,1,1,1,1,1,1,1,1,1,1,1,-9,-9,-9,-9,-9
1,92,1,6,13,1,1,1,1,1,1,1,1,1,1,1,-9,1,-9,-9,-9
1,500,2,5,13,1,1,1,1,-9,1,1,1,1,-9,-9,0,0,-9,-9,-9
1,836,2,4,13,1,1,1,1,0,1,1,1,1,-9,-9,-9,-9,-9,-9,-9
1,141,2,6,14,1,1,1,1,-9,1,1,1,1,-9,-9,-9,-9,-9,-9,-9
1,235,2,6,14,1,1,1,1,0,1,1,0,1,0,0,0,-9,0,-9,0
1,357,1,6,15,1,0,1,1,1,1,1,1,1,-9,-9,0,-9,-9,-9,0
1,606,1,5,15,1,1,1,1,0,1,1,0,1,-9,0,0,0,-9,0,0
1,433,1,5,11,1,1,1,1,1,1,1,1,1,0,1,1,0,0,0,0
1,173,2,6,14,1,1,1,1,-9,1,1,1,1,0,-9,0,0,0,-9,-9
1,221,2,6,14,1,1,1,1,1,1,1,1,1,1,0,-9,-9,-9,-9,-9
1,597,2,5,15,1,1,1,1,1,1,1,1,1,0,0,0,-9,0,-9,-9
1,723,1,4,12,1,1,1,1,1,1,1,1,1,-9,-9,-9,-9,-9,-9,-9
1,63,2,6,13,1,-9,1,1,-9,1,1,-9,1,-9,-9,-9,-9,-9,-9,-9
1,116,1,6,13,1,1,1,1,1,1,1,0,1,1,1,-9,1,0,0,-9
1,833,1,4,13,1,1,1,1,1,-9,1,1,1,0,0,0,-9,-9,-9,-9
1,854,1,4,13,1,0,1,1,1,1,1,1,1,-9,-9,-9,-9,-9,-9,-9
1,244,1,6,14,1,0,1,1,1,1,0,1,1,1,1,-9,-9,-9,-9,-9
1,559,1,5,14,1,1,1,1,1,1,1,1,1,-9,1,0,-9,-9,-9,-9
1,880,2,4,14,1,1,1,1,1,1,0,1,1,-9,-9,0,-9,-9,-9,-9
1,307,2,6,15,1,1,1,1,1,1,0,1,1,1,0,0,-9,0,-9,-9
1,351,2,6,15,1,1,1,1,1,-9,1,1,1,-9,1,-9,-9,-9,-9,-9
1,358,1,6,15,1,1,1,1,1,0,1,1,1,-9,-9,-9,-9,-9,-9,-9
1,623,2,5,15,1,-9,1,1,-9,1,1,1,1,-9,-9,0,-9,-9,-9,-9
1,360,2,6,15,1,1,1,1,1,1,1,0,1,0,1,-9,-9,-9,-9,-9
1,29,1,6,12,1,1,1,1,0,0,1,0,1,-9,1,-9,-9,-9,-9,-9
1,410,1,5,12,1,1,1,1,1,1,1,1,1,-9,1,0,1,-9,-9,-9
1,436,1,5,12,1,1,1,1,1,1,1,0,1,-9,1,-9,-9,-9,0,-9
1,732,2,4,12,1,1,1,1,1,1,1,1,1,0,0,-9,-9,-9,-9,-9
1,60,1,6,13,1,1,1,1,1,1,1,1,1,1,1,0,0,-9,-9,-9
1,183,2,6,14,1,-9,1,1,1,1,0,0,1,0,-9,0,-9,0,-9,-9
1,290,2,6,14,1,1,1,1,0,1,1,0,1,0,0,0,-9,0,0,-9
1,372,1,6,15,1,1,1,1,1,1,1,1,1,-9,0,1,-9,-9,-9,-9
1,605,1,5,15,1,1,1,1,1,1,1,0,1,1,-9,-9,-9,-9,-9,-9
1,824,2,4,13,1,1,1,1,-9,1,-9,1,1,1,-9,-9,-9,-9,-9,-9
1,169,2,6,14,1,1,1,1,1,1,1,1,1,-9,-9,-9,-9,-9,-9,-9
1,460,2,5,12,1,1,1,1,1,1,1,1,1,0,1,0,-9,-9,-9,-9
1,788,2,4,12,1,1,1,1,1,0,1,1,1,-9,-9,-9,-9,-9,-9,-9
1,21,2,6,13,1,-9,1,1,1,1,1,1,1,-9,1,0,-9,-9,-9,-9
1,64,2,6,13,1,1,1,1,1,1,1,1,1,0,0,-9,-9,-9,-9,-9
1,841,2,4,13,-9,1,1,1,-9,1,1,1,1,-9,1,-9,-9,0,-9,-9
1,330,2,6,15,1,1,0,1,0,1,1,1,1,0,-9,0,-9,-9,-9,-9
1,352,2,6,15,1,0,1,1,0,1,1,1,1,0,-9,-9,-9,-9,-9,-9
1,783,2,4,12,1,1,1,1,1,0,1,0,1,-9,-9,-9,-9,0,-9,-9
1,487,1,5,13,1,0,1,1,-9,1,1,0,1,-9,-9,0,-9,-9,-9,-9
1,753,2,4,12,1,1,1,1,1,1,1,1,1,1,0,-9,-9,-9,-9,-9
1,41,1,6,13,1,1,1,1,1,1,1,0,1,1,1,1,1,0,0,-9
1,312,2,6,15,1,1,1,1,1,1,1,0,1,1,0,-9,-9,-9,-9,-9
1,693,2,4,11,1,1,1,1,1,1,1,0,1,0,-9,-9,-9,-9,-9,-9
1,415,2,5,12,1,1,0,1,1,1,1,1,1,-9,0,-9,-9,-9,-9,-9
1,449,1,5,12,1,1,1,1,1,1,1,0,1,0,1,0,0,0,0,-9
1,730,1,4,12,1,1,1,1,0,1,1,0,1,0,-9,-9,-9,-9,-9,-9
1,76,1,6,13,1,1,1,1,-9,1,1,1,1,0,0,0,-9,-9,-9,-9
1,875,2,4,14,1,1,1,1,1,0,1,1,1,1,0,0,0,0,-9,-9
1,323,2,6,15,0,0,1,1,1,1,1,0,1,1,-9,-9,-9,-9,-9,-9
1,337,1,6,15,1,0,1,1,1,1,1,0,1,0,1,0,-9,-9,-9,-9
1,362,2,6,15,1,1,1,1,-9,-9,1,0,1,-9,-9,-9,-9,-9,-9,-9
1,363,1,6,15,1,1,1,1,-9,1,1,1,1,-9,1,0,-9,-9,-9,-9
1,857,1,4,13,1,1,1,1,0,1,0,1,1,-9,1,-9,-9,-9,-9,-9
1,278,2,6,14,1,1,1,1,-9,1,1,0,1,-9,-9,-9,-9,-9,-9,-9
1,305,2,6,15,1,-9,1,1,-9,1,1,1,1,1,0,0,-9,-9,0,-9
1,677,2,4,11,1,1,1,1,1,1,-9,0,1,1,-9,-9,-9,-9,-9,-9
1,704,2,4,11,1,0,1,1,-9,1,-9,1,1,-9,-9,-9,-9,-9,-9,-9
1,434,1,5,12,1,1,1,1,-9,1,1,1,1,0,0,-9,-9,1,-9,-9
1,140,1,6,14,1,1,1,1,1,1,0,0,1,1,0,0,0,-9,-9,-9
1,200,1,6,14,1,1,1,1,1,1,-9,-9,1,-9,0,0,-9,-9,-9,-9
1,264,2,6,14,1,1,1,1,1,1,1,0,1,-9,0,-9,-9,-9,-9,-9
1,571,2,5,14,1,1,1,1,1,1,1,1,1,-9,-9,-9,-9,-9,-9,-9
1,574,2,5,14,1,1,1,1,1,1,1,0,1,-9,1,-9,-9,-9,-9,-9
1,329,2,6,15,1,0,0,1,0,1,1,0,1,1,0,0,-9,0,1,-9
1,599,2,5,15,1,1,1,1,0,1,1,1,1,-9,-9,-9,-9,-9,-9,-9
1,394,2,6,16,1,-9,1,1,1,1,1,-9,1,-9,-9,-9,-9,-9,-9,-9
1,416,1,5,13,1,1,1,1,1,1,1,0,1,1,0,0,-9,0,-9,-9
1,237,2,6,14,1,1,1,1,1,1,1,1,1,-9,-9,-9,-9,-9,0,0
1,617,1,5,15,1,-9,1,1,1,1,1,1,1,-9,0,0,-9,-9,-9,-9
1,417,2,5,12,1,1,1,1,1,1,1,1,1,-9,-9,-9,-9,-9,-9,-9
1,750,1,4,12,1,1,0,1,1,1,0,0,1,0,-9,-9,-9,-9,-9,-9
1,778,1,4,12,1,0,1,1,1,1,1,0,1,1,0,0,-9,0,0,-9
1,62,2,6,13,1,1,1,1,1,1,1,1,1,-9,-9,-9,-9,-9,-9,0
1,534,1,5,13,1,1,1,1,1,1,1,0,1,1,1,0,-9,-9,-9,-9
1,131,2,6,14,1,1,1,1,0,1,1,0,1,-9,1,-9,-9,-9,-9,-9
1,611,1,5,15,1,1,1,1,-9,1,0,1,1,0,0,0,-9,-9,-9,-9
1,388,1,6,16,1,-9,1,1,1,1,1,0,1,-9,1,0,-9,0,-9,-9
1,180,2,6,14,1,0,1,1,1,1,1,1,1,-9,1,-9,-9,-9,-9,-9
1,247,2,6,14,1,1,1,1,0,1,1,0,1,1,1,1,1,0,-9,-9
1,31,1,6,12,1,1,1,1,1,1,-9,0,1,1,0,0,-9,0,-9,-9
1,770,2,4,12,1,1,1,1,0,1,1,-9,1,-9,0,-9,-9,-9,-9,-9
1,776,1,4,12,1,-9,1,1,-9,0,1,1,1,-9,-9,-9,-9,-9,-9,-9
1,780,2,4,12,1,1,1,1,1,-9,-9,0,1,1,-9,-9,-9,0,-9,-9
1,789,1,4,12,1,1,1,1,1,1,0,0,1,-9,-9,-9,-9,-9,-9,-9
1,311,2,6,15,1,1,1,1,-9,1,1,1,1,-9,0,0,-9,-9,-9,-9
1,393,1,6,16,1,1,1,1,1,1,1,1,1,-9,0,-9,-9,-9,-9,-9
1,734,1,4,12,1,1,1,1,0,1,1,1,1,-9,1,0,0,-9,-9,-9
1,740,2,4,12,1,1,1,1,1,0,1,0,1,-9,-9,-9,-9,-9,-9,-9
1,38,2,6,13,1,0,1,1,1,1,1,1,1,0,1,0,-9,0,-9,-9
1,739,1,4,12,1,1,1,1,1,1,0,1,1,0,1,0,-9,-9,-9,-9
1,430,1,5,13,0,0,1,1,-9,1,1,0,1,-9,0,0,-9,-9,-9,-9
1,551,2,5,13,1,1,1,1,-9,1,1,0,1,-9,-9,0,-9,-9,-9,-9
1,664,2,4,10,1,1,1,1,1,1,1,0,1,-9,-9,-9,-9,-9,-9,-9
1,7,2,6,14,1,1,1,1,1,0,1,1,1,-9,0,0,-9,-9,-9,-9
1,667,1,4,11,1,1,1,1,0,1,0,1,1,0,0,0,-9,-9,-9,-9
1,263,2,6,14,1,1,1,1,1,1,1,0,1,-9,0,0,-9,-9,-9,-9
1,560,1,5,14,1,1,1,1,1,1,1,1,1,1,1,0,-9,-9,-9,-9
1,354,2,6,15,1,-9,1,1,-9,1,1,0,1,-9,0,0,-9,-9,-9,-9
1,672,2,4,11,1,0,1,1,-9,1,1,0,1,-9,0,0,-9,-9,0,-9
1,665,1,4,10,1,1,1,1,0,1,1,1,1,-9,0,0,-9,-9,-9,-9
1,408,1,5,12,1,0,1,1,1,1,1,1,1,-9,-9,-9,-9,-9,-9,-9
1,34,2,6,13,1,1,1,1,1,1,0,1,1,-9,1,1,0,-9,-9,-9
1,36,2,6,13,1,0,1,1,-9,1,1,0,1,-9,-9,-9,-9,-9,-9,-9
1,37,2,6,13,1,1,1,1,-9,1,1,0,1,1,-9,-9,-9,-9,-9,-9
1,83,2,6,13,1,1,1,1,1,1,1,1,1,0,-9,-9,-9,-9,-9,-9
1,414,1,5,13,1,1,1,1,1,1,1,1,1,0,0,0,-9,-9,-9,-9
1,484,1,5,13,1,1,1,1,1,1,1,0,1,1,1,-9,-9,-9,-9,-9
1,512,1,5,13,1,0,1,1,1,1,1,0,1,-9,-9,-9,-9,-9,-9,-9
1,848,2,4,13,1,-9,1,1,1,1,1,0,1,-9,-9,-9,-9,-9,-9,-9
1,202,1,6,14,1,1,1,1,1,1,1,1,1,-9,1,0,-9,-9,-9,-9
1,231,1,6,14,1,1,1,1,0,1,1,1,1,1,0,0,1,-9,-9,-9
1,292,1,6,14,1,0,1,1,1,1,0,1,1,-9,0,-9,-9,-9,-9,-9
1,563,1,5,14,1,0,1,1,1,0,0,0,1,-9,-9,-9,-9,-9,-9,-9
1,335,2,6,15,1,-9,1,1,-9,1,1,0,1,-9,-9,0,-9,-9,-9,-9
1,317,2,6,15,1,1,1,1,1,1,1,1,1,0,-9,-9,-9,-9,-9,-9
1,220,2,6,14,1,1,1,1,-9,1,0,1,1,1,1,0,1,0,0,0
1,682,1,4,11,1,1,1,1,0,1,1,0,1,-9,-9,-9,0,-9,-9,0
1,420,1,5,12,0,1,1,1,1,1,1,1,1,1,0,-9,-9,-9,-9,-9
1,712,1,4,12,1,1,1,1,1,0,1,1,1,1,1,0,-9,-9,-9,-9
1,724,2,4,12,1,1,1,1,1,1,1,1,1,1,0,-9,-9,-9,-9,-9
1,517,2,5,13,1,1,1,1,1,1,1,1,1,1,0,0,-9,-9,-9,-9
1,147,1,6,14,1,1,1,1,1,1,1,1,1,1,1,-9,-9,-9,-9,-9
1,293,1,6,14,1,1,1,1,0,1,1,0,1,-9,-9,0,-9,0,-9,-9
1,744,1,4,12,1,1,1,1,0,1,-9,-9,1,-9,-9,-9,-9,-9,-9,-9
1,516,1,5,13,1,0,1,1,1,-9,-9,0,1,-9,-9,0,-9,0,-9,-9
1,418,2,5,14,1,-9,1,1,1,-9,1,0,1,-9,1,0,-9,-9,-9,-9
1,459,1,5,12,1,1,1,1,1,1,1,1,1,1,1,0,-9,-9,0,-9
1,454,2,5,12,1,-9,1,1,0,1,1,1,1,-9,-9,-9,-9,-9,-9,-9
1,524,2,5,13,1,1,1,1,1,0,1,0,1,-9,0,0,-9,-9,-9,-9
1,181,2,6,14,1,1,0,1,1,1,0,1,1,0,-9,-9,-9,0,0,-9
1,219,1,6,14,1,-9,1,1,1,1,1,0,1,0,1,-9,-9,-9,-9,-9
1,584,1,5,14,-9,-9,1,1,1,-9,1,1,1,-9,-9,-9,-9,-9,-9,-9
1,716,2,4,12,1,1,1,1,1,1,1,0,1,-9,-9,0,-9,-9,-9,-9
1,684,1,4,11,1,1,1,1,1,1,1,1,1,-9,1,-9,1,1,-9,-9
1,28,1,6,12,1,1,1,1,1,1,1,1,1,-9,-9,0,-9,-9,-9,-9
1,453,1,5,12,1,1,1,1,1,1,1,0,1,0,1,0,-9,-9,-9,-9
1,66,2,6,13,1,-9,1,1,0,1,1,1,1,-9,-9,-9,-9,-9,-9,-9
1,103,1,6,13,1,1,1,1,1,1,1,0,1,0,0,0,0,0,0,-9
1,104,2,6,13,1,1,1,1,1,1,1,1,1,1,1,0,-9,-9,-9,-9
1,423,1,5,13,1,1,1,1,1,1,1,1,1,-9,0,0,-9,-9,0,-9
1,492,2,5,13,1,0,1,1,-9,1,1,0,1,-9,-9,-9,-9,-9,-9,-9
1,831,1,4,13,1,1,1,1,0,1,1,1,1,-9,-9,-9,-9,-9,-9,-9
1,871,1,4,13,-9,0,1,1,0,1,1,0,1,0,-9,-9,-9,-9,-9,-9
1,327,1,6,15,-9,1,1,1,0,1,1,0,1,0,0,0,0,0,0,0
1,604,1,5,15,1,0,1,1,0,0,-9,1,1,-9,0,0,-9,0,0,-9
1,897,2,4,15,0,0,0,0,1,1,-9,1,1,-9,-9,-9,-9,-9,-9,-9
1,397,1,6,16,1,-9,1,1,1,1,1,1,1,0,1,-9,-9,-9,-9,-9
1,718,1,4,12,1,1,1,1,1,1,1,1,1,1,1,0,-9,-9,-9,-9
1,743,2,4,12,1,0,1,1,1,-9,1,1,1,-9,-9,-9,-9,-9,-9,-9
1,795,2,4,12,1,-9,1,1,1,1,1,0,1,-9,-9,-9,-9,-9,-9,-9
1,71,1,6,13,0,0,1,1,1,1,1,1,1,1,0,-9,-9,0,-9,-9
1,469,2,5,12,1,0,0,1,-9,1,1,0,1,-9,-9,0,-9,-9,-9,-9
1,632,2,4,12,1,1,1,1,-9,0,1,0,1,-9,-9,-9,-9,-9,-9,-9
1,729,2,4,12,1,1,1,1,-9,1,1,0,1,0,-9,0,-9,-9,-9,-9
1,737,2,4,12,1,1,1,1,0,1,1,0,1,-9,-9,-9,-9,-9,-9,-9
1,758,1,4,12,1,1,1,1,0,1,1,1,1,1,1,0,-9,0,-9,-9
1,88,1,6,13,1,1,1,1,0,1,1,1,1,1,0,-9,1,1,-9,-9
1,473,1,5,13,1,0,1,1,1,0,1,1,1,0,0,0,-9,-9,-9,-9
1,495,2,5,13,1,1,1,1,1,1,1,-9,1,-9,-9,-9,-9,-9,-9,-9
1,515,2,5,13,1,1,1,1,1,1,1,1,1,-9,-9,0,-9,-9,-9,-9
1,546,2,5,13,1,1,1,1,1,1,1,1,1,0,-9,0,0,0,0,0
1,851,2,4,13,1,1,1,1,1,1,1,0,1,-9,-9,0,-9,0,-9,-9
1,145,1,6,14,1,1,1,1,1,1,1,1,1,1,0,0,-9,-9,-9,-9
1,336,2,6,15,1,1,1,1,1,0,1,0,1,0,0,-9,-9,-9,-9,-9
1,895,2,4,15,1,-9,1,1,-9,1,1,-9,1,-9,-9,-9,-9,-9,-9,-9
1,403,1,6,16,1,1,1,1,0,1,1,1,1,1,-9,0,-9,-9,-9,-9
1,647,2,4,13,0,1,1,1,1,1,1,1,1,-9,1,-9,-9,1,-9,-9
1,669,1,4,11,0,1,1,1,0,1,1,1,1,0,1,0,-9,-9,-9,-9
1,468,1,5,12,0,0,1,1,1,0,-9,0,1,-9,-9,0,-9,-9,-9,-9
1,39,1,6,13,1,1,1,1,1,1,1,1,1,-9,1,-9,-9,-9,-9,-9
1,124,2,6,13,1,-9,1,1,-9,1,1,0,1,-9,-9,-9,-9,-9,-9,-9
1,525,2,5,13,1,1,1,1,1,1,1,1,1,-9,-9,-9,-9,-9,-9,-9
1,821,1,4,13,1,1,1,1,1,0,1,1,1,-9,-9,-9,-9,-9,-9,-9
1,834,1,4,13,1,1,1,1,0,1,1,1,1,0,0,-9,-9,-9,-9,-9
1,882,2,4,14,1,1,1,1,0,1,1,1,1,-9,-9,0,-9,-9,-9,-9
1,620,1,5,15,1,-9,0,1,1,0,0,1,1,0,0,0,-9,-9,-9,-9
1,702,1,4,11,0,0,1,1,-9,1,1,0,1,-9,0,-9,-9,-9,-9,-9
1,438,2,5,12,1,0,1,1,1,1,1,0,1,-9,-9,0,-9,-9,-9,-9
1,725,1,4,12,1,1,1,1,1,1,1,1,1,-9,-9,-9,-9,-9,-9,-9
1,731,1,4,12,1,1,1,1,1,1,1,1,1,0,1,-9,-9,-9,-9,-9
1,768,1,4,12,1,1,1,1,1,-9,1,0,1,0,-9,0,-9,-9,-9,-9
1,475,1,5,13,-9,1,1,1,-9,0,1,1,1,1,-9,-9,-9,0,0,0
1,746,1,4,12,1,1,1,1,0,1,1,0,1,0,0,-9,-9,-9,-9,-9
1,486,1,5,13,1,1,1,1,1,1,1,1,1,1,0,1,-9,-9,-9,-9
1,308,1,6,15,1,1,1,1,1,1,1,0,1,1,0,0,0,1,-9,-9
1,689,2,4,11,1,0,1,1,-9,1,0,0,1,-9,-9,-9,-9,-9,-9,-9
1,461,2,5,12,1,-9,1,1,1,1,0,1,1,1,0,0,-9,-9,-9,-9
1,498,2,5,13,1,1,1,1,1,1,1,0,1,1,0,1,-9,-9,-9,-9
1,508,1,5,13,1,1,1,1,1,1,1,1,1,0,1,-9,-9,-9,-9,-9
1,846,2,4,13,1,1,1,0,1,1,1,1,1,-9,0,0,-9,-9,-9,-9
1,529,2,5,13,1,1,1,1,0,1,1,0,1,1,1,0,0,-9,-9,-9
1,860,1,4,13,1,1,1,1,0,0,0,0,1,0,1,0,0,0,-9,-9
1,680,1,4,11,1,1,1,1,0,1,1,0,1,-9,-9,0,-9,-9,-9,-9
1,447,1,5,12,1,1,1,1,1,1,1,1,1,0,0,-9,-9,-9,-9,-9
1,774,1,4,12,1,1,1,1,0,0,1,1,1,-9,0,0,-9,-9,-9,-9
1,79,2,6,13,1,1,1,1,1,1,1,1,1,1,0,0,1,0,-9,-9
1,93,2,6,13,1,0,1,1,0,1,1,1,1,-9,-9,-9,-9,-9,-9,-9
1,483,2,5,13,1,1,1,1,0,1,1,0,1,0,0,-9,-9,-9,-9,-9
1,341,1,6,15,1,1,1,1,1,1,1,1,1,-9,-9,0,-9,-9,-9,-9
1,385,1,6,16,1,1,1,1,1,1,1,1,1,1,1,0,0,-9,-9,-9
1,440,1,5,12,1,1,1,1,1,1,1,1,1,1,1,1,-9,-9,-9,-9
1,472,1,5,13,1,1,1,0,1,0,1,0,1,0,1,-9,-9,-9,-9,-9
1,550,2,5,13,1,1,1,1,1,0,1,0,1,-9,-9,0,-9,0,-9,-9
1,250,1,6,14,0,-9,1,1,1,1,1,-9,1,0,-9,-9,0,-9,-9,-9
1,301,1,6,14,1,1,1,1,-9,1,1,0,1,-9,-9,0,-9,0,0,-9
1,561,1,5,14,1,1,1,1,1,1,1,0,1,0,1,0,-9,0,0,-9
1,568,1,5,14,1,1,1,1,1,0,0,1,1,0,1,-9,-9,-9,-9,-9
1,471,2,5,13,1,1,1,1,1,1,1,0,1,1,-9,1,1,1,-9,-9
1,713,2,4,12,1,1,1,1,1,0,1,0,1,-9,-9,-9,-9,-9,-9,-9
1,715,1,4,12,1,1,1,1,0,1,0,0,1,1,1,-9,-9,-9,-9,-9
1,719,2,4,12,1,1,1,1,1,1,1,1,1,0,-9,-9,-9,-9,-9,-9
1,470,1,5,13,1,1,1,1,1,1,1,0,1,-9,0,-9,-9,-9,-9,-9
1,134,1,6,14,1,1,1,1,-9,1,-9,1,1,0,1,0,-9,-9,-9,-9
1,325,1,6,15,1,-9,0,1,-9,0,1,0,1,-9,-9,-9,-9,-9,-9,-9
1,377,2,6,15,1,-9,1,1,-9,1,1,1,1,-9,-9,-9,-9,-9,-9,-9
1,668,2,4,11,1,1,1,1,1,1,1,1,1,-9,1,-9,-9,-9,-9,-9
1,687,1,4,11,1,1,1,1,0,1,1,1,1,-9,0,-9,-9,-9,0,-9
1,781,1,4,12,1,1,1,1,0,0,1,0,1,-9,-9,-9,-9,-9,-9,-9
1,819,2,4,13,-9,1,1,1,1,1,0,1,1,-9,-9,-9,-9,-9,-9,-9
1,844,2,4,13,0,1,0,1,0,1,1,0,1,-9,-9,0,-9,-9,-9,-9
1,850,2,4,13,1,-9,1,1,1,0,1,1,1,-9,-9,-9,0,0,-9,-9
1,728,1,4,12,1,1,1,1,0,1,1,1,1,0,1,-9,-9,-9,-9,-9
1,478,1,5,13,1,1,1,1,1,0,1,1,1,1,0,0,-9,-9,-9,-9
1,786,2,4,12,1,-9,1,1,-9,1,1,0,1,-9,-9,-9,-9,-9,-9,-9
1,67,1,6,13,1,1,1,1,1,1,-9,1,1,1,-9,0,-9,-9,-9,-9
1,428,1,5,13,1,-9,1,1,1,0,1,0,1,-9,0,-9,-9,-9,-9,-9
1,499,1,5,13,1,-9,1,1,1,-9,1,0,1,-9,1,-9,-9,1,-9,-9
1,540,1,5,13,1,1,1,1,1,1,1,1,1,-9,1,0,1,-9,-9,-9
1,197,1,6,14,1,1,1,1,-9,1,1,1,1,1,-9,0,-9,-9,-9,-9
1,256,2,6,14,1,0,1,1,1,1,1,1,1,0,-9,0,-9,-9,-9,-9
1,670,1,4,11,1,1,1,1,1,1,1,1,1,-9,1,-9,-9,-9,-9,-9
1,32,1,6,12,1,1,1,1,0,1,1,0,1,0,1,0,-9,-9,-9,-9
1,644,2,4,12,-9,1,1,1,1,1,1,-9,1,0,0,0,-9,-9,-9,-9
1,489,2,5,13,1,1,1,1,1,1,0,0,1,-9,-9,0,-9,-9,-9,-9
1,518,1,5,13,1,1,1,1,1,1,1,0,1,0,1,0,-9,-9,-9,-9
1,531,1,5,13,1,0,1,1,1,1,1,0,1,1,1,0,-9,-9,-9,-9
1,573,2,5,14,1,-9,1,1,1,0,1,1,1,-9,-9,-9,-9,-9,-9,-9
1,657,1,4,12,1,1,1,1,0,1,1,0,1,-9,-9,-9,-9,-9,-9,-9
1,817,2,4,13,1,0,1,1,1,1,1,0,1,-9,-9,-9,-9,-9,-9,-9
1,771,1,4,12,1,0,1,1,0,1,1,0,1,0,0,0,-9,-9,-9,-9
1,635,1,4,13,1,1,1,1,1,1,1,1,1,-9,-9,-9,-9,-9,-9,-9
1,876,2,4,14,1,1,1,1,1,1,0,1,1,-9,-9,-9,-9,-9,-9,-9
1,879,2,4,14,-9,1,0,1,1,0,1,0,1,-9,-9,0,-9,-9,-9,-9
1,390,1,6,16,1,1,1,1,1,1,1,1,1,1,1,-9,-9,0,0,-9
1,678,2,4,11,1,-9,1,1,-9,-9,1,-9,1,-9,-9,-9,-9,-9,-9,-9
1,655,1,4,12,1,1,1,1,0,1,1,0,1,-9,-9,-9,-9,-9,-9,-9
1,710,2,4,12,1,0,1,1,-9,1,1,0,1,-9,-9,-9,-9,-9,-9,-9
1,19,1,6,13,1,1,1,1,0,1,1,1,1,1,0,-9,-9,0,-9,-9
1,832,1,4,13,1,1,1,1,1,1,1,1,1,-9,-9,-9,-9,-9,-9,-9
1,566,1,5,14,1,1,1,1,1,1,1,1,1,1,-9,-9,-9,-9,-9,-9
1,502,1,5,13,1,1,1,1,1,1,1,0,1,0,-9,-9,-9,-9,-9,-9
1,507,1,5,13,0,0,1,1,0,1,-9,0,1,-9,-9,-9,-9,-9,-9,-9
1,856,2,4,13,1,0,1,1,-9,1,1,0,1,-9,-9,-9,-9,-9,-9,-9
1,735,1,4,12,1,1,1,1,1,1,0,1,1,-9,0,0,-9,-9,-9,-9
1,55,1,6,13,1,1,1,1,1,1,1,1,1,1,-9,0,1,-9,0,0
1,894,2,4,15,1,-9,1,1,-9,1,1,0,1,1,-9,0,-9,-9,-9,-9
1,840,1,4,13,1,1,1,1,1,1,1,1,1,-9,-9,0,-9,-9,-9,0
1,132,2,6,14,1,1,1,1,1,1,1,0,1,1,1,-9,-9,-9,-9,-9
1,346,1,6,15,1,1,1,1,1,1,1,1,1,1,1,-9,1,1,-9,-9
1,656,2,4,12,0,0,1,0,0,0,0,1,1,-9,-9,-9,-9,-9,-9,-9
1,711,1,4,12,1,0,1,1,0,1,0,1,1,0,0,-9,-9,-9,-9,-9
1,552,2,5,13,1,0,1,1,-9,-9,1,0,1,-9,-9,-9,-9,-9,-9,-9
1,845,2,4,13,1,0,1,1,1,1,1,0,1,0,0,-9,-9,-9,-9,-9
1,748,1,4,12,1,1,1,1,1,1,1,1,1,-9,-9,-9,-9,-9,-9,-9
1,118,1,6,13,1,1,1,1,1,1,1,1,1,-9,0,0,-9,1,0,-9
1,877,1,4,14,1,0,1,1,1,1,-9,-9,1,-9,-9,-9,-9,-9,-9,-9
1,89,1,6,13,1,1,1,1,1,1,1,1,1,1,-9,-9,-9,-9,-9,-9
1,1,1,6,12,1,1,1,1,1,1,1,0,1,1,0,1,1,0,0,-9
1,829,1,4,13,1,-9,1,1,-9,1,1,1,1,-9,-9,0,-9,-9,-9,-9
1,738,1,4,12,1,1,1,1,1,1,1,1,1,-9,1,0,-9,-9,-9,-9
1,762,1,4,12,1,-9,1,1,1,1,1,1,1,-9,-9,-9,-9,-9,-9,-9
1,149,1,6,14,1,1,1,1,1,1,1,1,1,1,1,1,-9,-9,-9,-9
1,671,1,4,11,1,-9,1,1,-9,1,1,0,1,-9,0,0,-9,0,-9,-9
1,481,1,5,13,1,1,1,1,1,1,1,1,1,1,1,-9,-9,-9,-9,-9
1,839,2,4,13,1,1,1,1,1,1,1,1,1,1,-9,-9,-9,-9,-9,-9
1,583,2,5,14,1,0,0,1,-9,1,1,0,1,0,0,0,0,0,0,-9
1,340,2,6,15,1,-9,1,1,-9,1,1,0,1,-9,-9,-9,-9,-9,-9,-9
1,698,1,4,11,1,1,1,1,0,1,1,0,1,-9,0,-9,-9,-9,-9,-9
1,289,1,6,14,1,1,1,1,1,1,1,0,1,1,1,0,1,-9,-9,-9
1,575,1,5,14,1,1,1,1,1,0,1,0,1,1,0,-9,-9,-9,-9,-9
1,257,1,6,14,1,1,1,1,1,1,1,0,1,1,1,0,-9,0,0,-9
1,582,2,5,14,1,-9,1,1,-9,0,0,0,1,-9,-9,-9,-9,-9,-9,-9
1,636,1,4,10,1,0,0,1,1,0,1,0,1,0,0,0,-9,-9,-9,-9
1,822,1,4,13,1,1,1,1,0,1,1,1,1,1,-9,-9,-9,-9,-9,-9
1,688,2,4,11,1,1,1,1,1,1,1,0,1,0,-9,-9,-9,0,-9,-9
1,261,1,6,14,1,1,1,1,1,1,1,1,1,-9,-9,-9,-9,-9,-9,-9
1,553,1,5,13,1,1,1,1,-9,1,1,0,0,0,-9,-9,-9,-9,-9,-9
1,370,2,6,15,1,1,1,1,-9,1,1,0,0,0,-9,0,-9,0,-9,-9
1,85,2,6,13,1,0,1,1,1,1,1,0,0,-9,0,0,-9,0,-9,-9
1,569,1,5,14,-9,1,1,1,-9,1,1,0,0,-9,0,0,-9,-9,-9,-9
1,587,2,5,14,1,1,1,1,0,1,1,0,0,-9,-9,-9,-9,-9,-9,-9
1,867,2,4,13,-9,0,1,1,-9,1,1,0,0,0,-9,-9,-9,-9,-9,-9
1,798,1,4,12,1,0,1,1,-9,-9,-9,0,0,-9,-9,-9,-9,-9,-9,-9
1,884,1,4,14,0,0,0,1,0,1,1,0,0,-9,-9,-9,-9,-9,-9,-9
1,802,2,4,12,1,-9,1,1,-9,1,1,1,0,0,-9,-9,-9,-9,-9,-9
1,526,1,5,13,1,1,1,1,1,1,1,0,0,-9,1,0,-9,0,0,-9
1,661,2,4,12,-9,-9,1,1,-9,1,-9,1,0,-9,-9,0,-9,-9,-9,-9
1,588,1,5,14,-9,1,1,1,-9,-9,-9,-9,0,-9,-9,-9,-9,-9,-9,-9
1,638,1,4,12,1,-9,1,1,0,1,0,1,0,-9,1,-9,-9,-9,-9,-9
1,666,1,4,11,1,1,1,1,1,0,1,0,0,0,1,-9,-9,-9,-9,-9
1,827,1,4,13,1,0,1,1,1,1,1,0,0,0,1,-9,-9,-9,-9,-9
1,754,1,4,12,1,1,1,1,1,1,1,1,0,-9,1,-9,-9,-9,-9,-9
1,25,2,6,15,1,0,1,1,-9,0,1,0,0,0,0,-9,-9,0,-9,-9
1,823,2,4,13,1,-9,1,1,1,1,0,1,0,-9,-9,-9,-9,-9,-9,-9
1,697,1,4,11,1,1,1,1,0,1,1,1,0,-9,1,-9,-9,-9,-9,-9
1,868,1,4,13,0,0,0,1,0,0,0,1,0,-9,-9,-9,-9,-9,-9,-9
1,892,1,4,15,1,0,1,1,0,1,1,1,-9,-9,-9,-9,-9,-9,-9,-9
1,543,2,5,13,0,0,1,1,1,1,1,-9,-9,-9,-9,-9,-9,-9,-9,-9
1,95,2,6,13,1,1,1,1,-9,-9,1,0,-9,-9,-9,-9,-9,-9,-9,-9
1,287,2,6,14,0,0,1,1,-9,1,1,1,-9,-9,0,-9,-9,-9,-9,-9
1,761,2,4,12,0,0,0,1,0,1,1,0,-9,-9,-9,-9,-9,-9,-9,-9
1,763,2,4,12,1,1,0,1,1,-9,1,0,-9,-9,-9,-9,-9,-9,-9,-9
1,813,1,4,12,-9,1,1,1,1,0,-9,0,-9,-9,0,-9,-9,-9,-9,-9
1,800,1,4,12,1,0,1,1,-9,1,1,0,-9,-9,-9,-9,-9,-9,-9,-9
1,387,2,6,16,-9,-9,1,1,1,1,1,1,-9,-9,-9,-9,-9,-9,-9,-9
1,519,2,5,13,1,1,1,1,1,0,1,1,-9,-9,-9,-9,-9,-9,-9,-9
1,448,2,5,12,1,1,1,1,-9,1,1,0,-9,-9,1,-9,-9,-9,-9,-9
1,554,1,5,13,1,-9,1,1,-9,-9,1,0,-9,-9,-9,-9,-9,-9,-9,-9
1,639,2,4,11,1,1,1,1,-9,1,0,1,-9,-9,-9,0,-9,-9,-9,-9
1,613,1,5,15,1,-9,1,1,-9,-9,1,-9,-9,-9,1,0,-9,-9,-9,-9
1,799,2,4,12,-9,-9,1,1,-9,-9,-9,-9,-9,-9,-9,-9,-9,-9,-9,-9
1,353,2,6,15,1,1,1,1,-9,1,1,0,-9,-9,1,-9,-9,-9,-9,-9
1,757,1,4,12,1,1,1,1,1,1,1,1,-9,-9,-9,0,-9,-9,-9,-9
1,653,1,4,12,0,1,1,1,-9,1,-9,-9,-9,-9,-9,-9,-9,-9,-9,-9
1,204,2,6,14,1,0,1,1,0,0,-9,1,-9,-9,-9,-9,-9,-9,-9,-9
1,190,2,6,14,1,1,1,1,-9,1,1,0,-9,-9,0,0,1,-9,-9,-9
1,886,1,4,14,1,0,1,1,-9,1,1,-9,-9,-9,0,-9,-9,-9,-9,-9
1,797,1,4,12,-9,0,1,1,0,1,-9,0,-9,-9,-9,-9,-9,-9,-9,-9
1,631,1,4,13,0,1,1,0,1,0,1,1,-9,-9,-9,-9,-9,-9,-9,-9
1,642,2,4,12,0,1,1,1,-9,0,-9,0,-9,0,-9,0,-9,-9,-9,-9
1,391,2,6,16,1,1,1,1,1,1,1,-9,-9,-9,-9,0,-9,-9,-9,-9
1,406,1,6,16,1,1,-9,-9,-9,-9,-9,-9,-9,-9,-9,-9,-9,-9,-9,-9
1,675,2,4,11,1,1,1,1,1,-9,-9,-9,-9,-9,0,-9,-9,-9,-9,-9
1,849,2,4,13,1,-9,1,1,-9,1,1,1,-9,-9,-9,-9,-9,-9,-9,-9
1,242,2,6,14,1,0,1,1,-9,1,1,-9,-9,-9,-9,-9,-9,-9,-9,-9
1,589,2,5,14,1,1,1,1,0,0,0,0,-9,0,-9,-9,-9,-9,-9,-9
1,585,1,5,14,-9,0,1,1,-9,1,1,0,-9,0,-9,-9,-9,0,-9,-9
1,452,2,5,12,1,1,1,1,1,1,1,0,-9,0,0,-9,-9,-9,-9,-9
1,444,2,5,12,0,1,1,1,0,1,0,1,-9,-9,-9,-9,-9,-9,-9,-9
1,779,2,4,12,-9,1,1,1,1,1,-9,-9,-9,-9,-9,-9,-9,-9,-9,-9
1,866,2,4,13,-9,0,1,1,-9,1,1,0,-9,-9,-9,-9,-9,-9,-9,-9
1,793,1,4,12,0,0,0,1,1,0,1,1,-9,-9,-9,-9,-9,-9,-9,-9
1,872,2,4,13,1,-9,1,1,-9,0,-9,0,-9,0,-9,-9,-9,-9,-9,-9
1,649,2,4,11,1,1,0,1,1,1,1,1,-9,-9,-9,-9,-9,-9,-9,-9
1,701,2,4,11,1,0,1,1,1,1,1,-9,-9,0,0,-9,-9,-9,-9,-9
1,707,1,4,11,1,-9,1,1,-9,1,-9,-9,-9,-9,-9,-9,-9,-9,-9,-9
1,749,2,4,12,1,0,1,1,1,1,0,0,-9,-9,0,-9,-9,-9,-9,-9
1,870,2,4,13,0,0,1,1,0,-9,-9,-9,-9,-9,-9,-9,-9,-9,-9,-9
1,803,1,4,12,0,1,1,1,1,1,1,1,-9,-9,-9,-9,-9,-9,-9,-9
1,681,1,4,11,-9,1,1,1,1,1,0,1,-9,-9,-9,-9,1,-9,-9,-9
1,663,1,4,10,1,1,0,1,1,1,1,0,-9,-9,-9,-9,-9,-9,-9,-9
1,705,2,4,11,0,0,1,1,1,0,-9,-9,-9,-9,-9,-9,-9,-9,-9,-9
1,615,2,5,15,1,0,1,1,-9,-9,-9,1,-9,-9,-9,-9,-9,-9,-9,-9
1,660,1,4,13,-9,-9,-9,-9,-9,1,-9,0,-9,-9,-9,0,-9,0,-9,-9
1,742,2,4,12,1,1,1,1,-9,1,1,-9,-9,-9,-9,-9,-9,-9,-9,-9
1,641,1,4,13,1,1,1,1,1,1,1,1,-9,-9,-9,-9,-9,-9,-9,-9
1,878,1,4,14,0,0,0,1,0,-9,0,0,-9,-9,-9,-9,-9,-9,-9,-9
1,16,1,6,15,1,1,1,1,1,1,1,1,-9,-9,1,0,-9,-9,-9,-9
1,767,1,4,12,1,1,1,1,-9,1,-9,1,-9,-9,-9,-9,-9,-9,-9,-9
1,853,1,4,13,1,1,1,1,0,1,1,0,-9,-9,-9,-9,-9,-9,-9,-9
1,792,2,4,12,1,-9,0,1,-9,-9,-9,-9,-9,-9,-9,-9,-9,-9,-9,-9
1,825,2,4,13,0,0,0,1,-9,1,1,-9,-9,-9,-9,-9,-9,-9,-9,-9
1,626,1,5,16,1,1,0,1,0,1,-9,-9,-9,-9,-9,-9,-9,-9,-9,-9
2,449,2,6,12,1,1,1,1,-9,1,-9,1,1,-9,-9,-9,-9,-9,-9,-9
2,672,1,7,13,1,1,1,1,1,1,1,1,1,1,1,0,1,0,-9,-9
2,126,2,7,14,1,1,1,1,-9,1,0,1,1,0,-9,-9,-9,-9,-9,-9
2,546,1,8,15,1,1,1,0,1,0,1,1,1,1,0,0,0,0,0,0
2,997,1,6,14,1,0,1,1,0,0,1,1,1,0,0,0,0,0,0,0
2,459,2,6,12,1,1,1,1,-9,1,-9,-9,1,-9,-9,-9,-9,-9,-9,-9
2,1002,2,6,13,1,1,1,1,1,1,1,1,-9,1,0,-9,-9,0,-9,-9
2,1117,1,7,14,1,1,1,1,1,1,-9,1,1,-9,-9,0,-9,-9,0,-9
2,561,2,7,13,1,1,1,1,0,1,1,1,1,-9,0,-9,0,-9,-9,-9
2,1017,2,8,15,1,1,1,1,-9,0,1,1,1,-9,-9,-9,-9,-9,-9,-9
2,621,1,7,14,1,1,1,1,-9,0,0,0,0,-9,-9,-9,-9,-9,-9,-9
2,348,1,8,15,1,1,1,1,0,1,1,0,-9,-9,0,0,-9,-9,-9,-9
2,471,2,8,14,1,1,1,1,1,1,0,1,1,1,0,-9,-9,-9,0,-9
2,592,1,6,12,1,1,1,1,1,1,0,1,1,0,0,0,0,0,0,0
2,933,1,6,13,1,1,1,1,1,1,1,0,1,0,0,0,1,0,-9,0
2,849,1,8,14,1,1,1,1,1,1,1,1,1,1,1,0,-9,1,0,-9
2,1001,1,6,12,1,0,1,1,0,1,1,1,1,1,0,0,-9,0,-9,0
2,829,1,7,13,1,1,1,1,0,0,-9,0,1,-9,-9,-9,-9,-9,0,-9
2,634,1,7,14,1,1,1,1,1,1,1,1,1,0,0,0,-9,-9,-9,-9
2,993,1,6,12,1,0,1,1,1,1,1,1,1,1,0,0,-9,0,0,-9
2,992,1,6,12,1,1,1,1,1,1,1,1,1,-9,-9,-9,-9,0,0,0
2,47,2,8,14,1,1,1,1,0,1,1,0,1,1,1,1,-9,-9,-9,-9
2,87,2,7,13,1,1,1,1,0,0,1,1,1,0,0,0,-9,-9,-9,-9
2,996,1,6,11,1,0,1,1,1,0,1,1,1,0,0,0,0,0,0,0
2,615,2,7,13,0,1,1,1,-9,1,1,0,1,-9,0,-9,-9,-9,-9,-9
2,1004,2,6,12,1,1,1,1,-9,1,1,0,1,-9,-9,0,-9,-9,-9,-9
2,999,1,6,13,1,1,1,1,1,1,1,0,1,0,1,0,-9,0,-9,-9
2,745,2,8,14,1,1,1,1,1,1,1,1,0,0,1,0,-9,-9,-9,-9
2,522,2,8,14,1,0,1,1,-9,1,1,1,0,-9,-9,-9,-9,-9,-9,-9
2,109,2,8,15,1,1,1,1,0,1,1,0,0,0,0,0,0,0,-9,0
2,375,2,7,15,1,1,1,1,-9,-9,-9,1,0,-9,-9,-9,-9,-9,-9,-9
2,907,1,6,13,1,1,1,1,0,-9,0,0,0,1,-9,-9,-9,-9,-9,-9
2,441,2,6,12,1,1,1,1,1,1,1,0,0,0,0,1,1,0,0,0
2,597,2,6,12,1,0,1,1,0,1,-9,0,-9,-9,0,0,-9,0,-9,0
2,985,2,6,13,0,0,1,1,-9,-9,0,0,-9,-9,-9,-9,-9,0,-9,-9
2,343,2,8,14,1,1,1,1,1,1,1,1,-9,-9,-9,-9,-9,-9,-9,-9
2,436,1,6,12,1,1,1,1,1,-9,-9,0,-9,-9,0,-9,-9,1,-9,-9
2,1015,2,8,13,1,-9,1,1,0,-9,-9,-9,-9,0,-9,-9,-9,0,-9,-9
2,435,1,6,13,1,-9,1,1,1,-9,0,1,-9,-9,-9,0,-9,0,-9,-9
2,901,2,6,12,1,1,1,1,1,1,1,1,1,1,1,-9,-9,-9,-9,-9
2,930,1,6,12,1,1,1,1,0,1,1,0,1,1,1,0,0,-9,0,-9
2,91,2,7,13,1,0,1,1,0,1,1,1,1,-9,-9,0,-9,-9,-9,-9
2,247,1,7,13,1,1,1,1,1,1,1,0,1,1,1,0,1,0,0,-9
2,579,1,7,13,1,1,1,1,1,1,1,1,1,0,-9,1,1,1,-9,0
2,675,2,7,13,1,1,1,1,0,1,1,1,1,0,1,0,-9,-9,-9,-9
2,302,2,8,14,1,1,1,1,0,0,-9,0,1,-9,-9,0,-9,-9,-9,-9
2,314,1,8,14,1,1,1,1,1,1,1,0,1,-9,0,0,-9,0,-9,-9
2,662,1,8,14,1,1,1,1,1,-9,-9,0,1,1,-9,-9,-9,-9,-9,-9
2,3,1,8,15,1,1,1,1,1,1,1,1,1,0,-9,0,-9,-9,0,-9
2,605,1,6,12,1,1,1,1,1,1,1,0,1,-9,-9,0,-9,0,-9,-9
2,372,1,7,13,1,1,1,1,0,1,1,1,1,0,1,0,0,-9,-9,-9
2,397,2,7,13,1,0,1,1,0,1,1,1,1,-9,-9,-9,-9,-9,0,0
2,895,1,6,13,1,1,1,1,0,1,1,0,1,0,-9,0,-9,0,-9,0
2,888,1,6,12,1,1,1,1,0,1,1,0,1,1,1,0,-9,1,1,-9
2,791,2,7,13,1,0,1,1,1,0,1,1,1,0,0,-9,-9,0,-9,-9
2,325,2,7,13,1,1,1,1,0,1,1,1,1,-9,-9,-9,-9,-9,0,-9
2,211,1,8,14,1,-9,1,1,0,1,-9,0,1,-9,-9,-9,-9,-9,0,0
2,24,2,7,13,1,1,1,1,1,1,1,1,1,1,1,1,-9,0,0,-9
2,176,2,8,14,1,1,1,1,1,1,1,1,1,0,0,0,-9,-9,-9,-9
2,320,1,7,13,1,1,1,1,1,1,1,0,1,1,-9,0,-9,-9,0,-9
2,978,2,8,14,1,1,1,1,1,1,1,1,1,0,1,0,0,-9,-9,-9
2,898,2,6,13,1,0,1,1,-9,-9,1,1,1,-9,-9,-9,0,0,-9,-9
2,263,2,8,14,1,-9,1,1,1,1,1,1,1,-9,1,-9,-9,-9,-9,-9
2,28,2,7,13,1,1,1,1,1,1,1,0,1,-9,0,0,-9,-9,-9,-9
2,668,1,7,13,1,1,1,1,0,1,1,0,1,0,-9,-9,-9,-9,-9,-9
2,690,1,7,13,1,1,1,1,0,1,1,0,1,0,-9,0,-9,-9,-9,-9
2,228,1,7,13,1,0,1,1,0,0,1,1,1,1,-9,0,-9,-9,-9,-9
2,711,2,6,12,0,0,1,1,0,1,0,0,1,0,-9,0,0,-9,-9,-9
2,657,1,8,15,1,1,1,1,1,1,1,0,1,1,0,1,1,1,-9,0
2,25,2,7,12,0,1,1,1,-9,0,-9,1,1,-9,-9,-9,0,-9,-9,0
2,137,1,7,13,1,-9,1,1,1,1,1,0,1,-9,-9,-9,-9,1,-9,-9
2,329,2,7,13,1,-9,1,1,0,1,1,1,1,-9,0,-9,-9,-9,0,-9
2,721,1,8,14,1,0,1,1,1,1,0,0,1,-9,1,-9,-9,0,-9,-9
2,531,1,8,16,1,0,1,1,1,1,1,0,1,0,-9,0,-9,0,-9,-9
2,77,2,7,13,1,0,1,1,1,1,1,1,1,0,1,-9,-9,-9,-9,-9
2,586,2,6,12,1,1,1,1,0,1,1,0,1,1,0,0,0,-9,0,-9
2,900,2,6,13,0,1,1,1,-9,0,0,0,1,-9,-9,0,-9,0,-9,0
2,37,1,7,14,1,1,1,1,0,1,1,1,1,0,0,0,0,-9,0,-9
2,765,2,6,13,1,0,1,1,-9,1,-9,0,1,0,-9,-9,-9,-9,-9,-9
2,446,2,6,13,1,1,1,1,0,1,1,0,1,0,0,0,0,0,0,-9
2,321,1,7,14,1,1,1,1,1,0,0,0,1,1,-9,0,0,0,0,-9
2,899,1,6,12,1,-9,1,1,0,0,0,0,1,0,-9,0,-9,0,-9,0
2,575,1,7,13,1,1,1,1,1,1,0,0,1,-9,-9,-9,-9,0,0,-9
2,879,2,6,12,1,1,1,1,0,1,1,0,0,0,0,0,0,0,0,0
2,73,1,7,14,1,1,1,1,0,1,1,1,0,0,0,0,0,0,0,0
2,107,2,8,14,1,1,1,1,1,1,1,0,0,0,0,0,0,0,-9,0
2,184,2,6,14,1,1,1,1,-9,0,0,-9,0,0,-9,-9,-9,-9,-9,-9
2,344,2,8,15,1,1,1,1,1,0,1,0,0,0,0,0,0,-9,-9,0
2,208,2,8,14,-9,1,1,1,-9,0,0,1,0,1,-9,-9,-9,-9,-9,-9
2,1006,1,6,12,1,1,1,1,0,0,1,1,0,0,0,0,0,0,0,0
2,931,1,6,13,1,0,1,1,0,0,1,1,0,1,1,0,0,0,-9,-9
2,750,2,6,13,1,0,1,1,0,0,1,0,0,1,-9,0,0,-9,-9,-9
2,114,1,8,15,1,1,1,1,-9,1,1,0,0,0,-9,-9,-9,0,-9,-9
2,439,2,6,13,1,1,0,1,-9,0,1,-9,0,0,-9,-9,-9,-9,-9,-9
2,542,2,8,14,1,1,1,1,-9,-9,-9,0,0,0,0,-9,-9,-9,-9,-9
2,281,2,6,12,0,0,1,1,-9,-9,0,0,0,-9,0,0,-9,-9,-9,-9
2,290,2,7,14,1,1,1,1,-9,1,1,1,0,-9,-9,-9,-9,-9,-9,-9
2,733,1,8,15,1,1,1,1,1,1,-9,0,0,-9,1,0,-9,0,-9,-9
2,373,1,7,13,-9,-9,1,1,-9,1,1,1,-9,-9,-9,0,-9,-9,-9,-9
2,539,1,8,14,1,1,1,1,-9,1,1,1,-9,-9,-9,-9,-9,-9,-9,-9
2,183,2,6,13,1,-9,1,1,1,1,1,-9,-9,-9,-9,-9,-9,-9,-9,-9
2,335,2,7,14,1,1,1,1,-9,1,1,1,-9,1,1,-9,-9,-9,-9,-9
2,328,2,7,13,1,1,1,1,0,-9,-9,0,-9,-9,1,-9,-9,-9,-9,-9
2,521,1,7,14,1,-9,1,1,-9,0,-9,-9,-9,-9,-9,-9,-9,-9,-9,0
2,456,2,6,13,1,0,1,1,-9,0,0,1,-9,0,-9,0,0,-9,-9,-9
2,995,2,6,13,1,1,1,1,1,1,1,1,-9,-9,-9,0,-9,1,0,-9
2,430,2,6,12,1,1,1,1,1,1,1,0,-9,-9,-9,-9,-9,-9,-9,-9
2,198,2,7,13,1,1,1,1,0,1,1,1,-9,-9,0,-9,-9,-9,-9,-9
2,595,1,6,12,1,-9,1,1,0,0,-9,-9,-9,-9,-9,-9,-9,0,-9,0
2,196,1,7,13,1,1,1,1,1,1,-9,1,-9,-9,-9,-9,-9,-9,-9,-9
2,339,1,8,14,1,1,1,1,-9,0,1,1,-9,0,-9,-9,-9,-9,-9,-9
2,1114,1,7,15,1,0,1,1,0,1,-9,1,-9,0,-9,-9,-9,-9,-9,-9
2,432,2,6,13,1,1,0,1,0,1,-9,1,-9,0,-9,-9,-9,-9,-9,-9
2,185,2,6,13,1,0,1,1,-9,1,1,-9,-9,-9,-9,-9,-9,-9,-9,-9
2,234,2,7,13,1,1,1,1,1,1,1,0,1,0,-9,1,0,0,-9,-9
2,279,2,6,13,1,-9,1,1,1,0,-9,0,1,-9,-9,-9,0,-9,-9,0
2,517,2,7,13,1,1,1,1,0,1,1,1,1,1,1,0,-9,-9,0,-9
2,163,2,8,14,1,-9,1,1,-9,0,1,1,1,0,-9,-9,-9,-9,-9,-9
2,170,2,8,14,1,1,1,1,-9,1,1,1,1,0,-9,-9,-9,-9,-9,-9
2,838,1,7,14,1,1,1,1,0,1,1,1,1,-9,-9,-9,-9,-9,-9,-9
2,841,1,7,14,1,1,1,1,1,1,1,1,1,1,1,0,-9,1,0,0
2,489,2,8,15,1,1,1,1,-9,1,1,0,1,-9,-9,0,-9,-9,-9,-9
2,663,1,8,15,1,1,1,1,-9,1,1,1,1,-9,1,-9,-9,-9,-9,-9
2,854,1,8,15,1,1,1,1,1,1,-9,0,1,-9,1,0,-9,-9,-9,-9
2,980,2,8,15,1,-9,1,1,-9,0,1,1,1,-9,-9,-9,-9,-9,-9,-9
2,934,1,6,12,1,1,1,1,0,1,1,1,1,-9,-9,1,0,0,-9,-9
2,796,2,6,13,1,1,1,1,1,1,1,1,1,-9,-9,0,-9,0,-9,-9
2,896,1,6,13,1,1,1,1,0,-9,1,1,1,0,1,-9,-9,-9,-9,-9
2,797,2,6,13,1,1,1,1,-9,0,-9,1,1,1,1,0,-9,0,-9,-9
2,737,1,8,15,1,1,1,1,1,1,1,1,1,-9,1,-9,-9,-9,-9,1
2,390,2,7,13,1,1,1,1,-9,1,0,1,1,-9,-9,0,-9,-9,-9,-9
2,817,2,6,13,1,0,1,1,0,1,0,0,1,-9,-9,0,0,-9,-9,-9
2,310,2,8,14,1,1,1,1,-9,0,1,1,1,1,-9,-9,-9,-9,-9,-9
2,241,2,7,13,1,1,1,1,0,1,1,0,1,0,0,0,-9,-9,-9,-9
2,401,1,7,13,1,0,1,1,0,1,1,0,1,-9,-9,0,-9,0,-9,-9
2,799,2,6,12,1,-9,1,1,1,1,1,0,1,-9,0,0,-9,0,0,0
2,2,2,7,13,1,1,1,1,-9,1,1,-9,1,1,1,0,-9,-9,-9,0
2,469,2,8,14,1,1,1,1,0,1,1,1,1,1,1,-9,-9,-9,0,-9
2,912,1,6,12,1,1,1,1,0,1,1,1,1,-9,-9,0,-9,-9,-9,-9
2,820,1,7,13,1,1,0,1,1,0,1,1,1,0,-9,-9,-9,-9,-9,-9
2,911,1,6,13,1,1,1,1,1,1,1,0,1,-9,0,0,-9,-9,-9,0
2,297,1,7,13,1,1,1,1,1,1,1,0,1,1,0,-9,-9,-9,-9,-9
2,568,2,7,13,1,1,1,1,1,1,1,1,1,1,0,0,-9,0,0,-9
2,692,1,7,13,1,1,1,1,1,1,1,1,1,0,1,0,-9,-9,-9,-9
2,917,1,6,13,1,1,0,1,1,0,1,0,1,1,0,-9,0,0,0,0
2,910,1,6,13,1,1,1,1,1,1,1,1,1,0,-9,0,-9,1,0,-9
2,609,1,6,13,0,-9,0,1,1,1,0,0,1,0,0,0,0,-9,-9,-9
2,360,2,8,15,0,1,1,1,-9,1,1,0,1,1,0,0,-9,-9,1,-9
2,793,2,6,12,1,1,1,1,-9,1,1,1,1,1,1,0,-9,-9,-9,-9
2,811,2,6,13,1,-9,1,1,0,0,0,-9,1,-9,-9,-9,-9,-9,-9,-9
2,445,2,6,12,1,1,1,1,0,1,1,0,1,0,0,0,-9,0,0,0
2,625,1,7,13,1,1,1,1,1,1,-9,1,1,1,0,0,-9,0,-9,0
2,828,1,7,14,1,1,1,1,0,1,1,0,0,0,-9,0,0,-9,-9,-9
2,998,2,6,12,1,0,1,1,1,1,0,0,0,1,-9,-9,-9,-9,-9,-9
2,334,1,7,-9,1,-9,1,1,1,1,1,1,0,0,0,0,-9,-9,-9,-9
2,111,1,8,14,1,1,1,1,1,1,1,0,0,-9,-9,0,-9,-9,0,-9
2,14,2,8,16,1,1,1,1,1,1,1,1,0,1,1,0,-9,-9,0,-9
2,368,1,7,13,1,1,1,1,0,1,1,1,0,-9,-9,0,-9,0,-9,-9
2,1023,2,8,15,1,1,1,1,-9,1,1,0,0,-9,-9,0,-9,-9,-9,-9
2,443,2,6,12,1,1,1,1,1,1,1,0,0,1,0,0,0,0,0,0
2,220,2,7,13,1,1,1,1,-9,1,1,1,0,0,-9,0,0,-9,-9,-9
2,275,2,6,12,0,-9,1,1,0,0,0,1,0,-9,-9,0,-9,0,-9,-9
2,213,2,8,15,1,1,1,1,0,-9,-9,0,-9,1,-9,0,-9,-9,-9,0
2,105,2,8,14,1,0,1,0,-9,0,1,-9,-9,-9,-9,-9,-9,-9,-9,-9
2,414,2,8,15,1,1,1,1,-9,1,-9,0,-9,0,1,0,-9,0,-9,-9
2,718,1,6,13,1,1,1,1,-9,0,1,0,-9,0,0,-9,-9,-9,-9,-9
2,324,1,7,13,1,1,1,1,1,1,0,0,-9,-9,0,0,-9,-9,-9,-9
2,544,1,8,14,1,0,1,1,-9,1,0,1,-9,-9,-9,0,-9,0,-9,-9
2,1103,2,7,14,1,-9,1,1,0,1,-9,0,-9,-9,-9,0,-9,-9,-9,-9
2,399,1,7,13,1,1,1,1,1,1,0,1,-9,-9,-9,0,-9,0,-9,-9
2,272,1,6,12,1,-9,1,1,0,1,-9,0,-9,-9,-9,-9,-9,-9,-9,-9
2,230,1,7,13,0,1,1,1,0,-9,-9,1,-9,0,-9,-9,-9,-9,-9,-9
2,606,1,6,12,1,1,1,1,1,1,-9,0,-9,-9,-9,0,-9,0,-9,-9
2,641,2,8,15,1,1,1,1,1,1,1,1,1,-9,0,0,1,-9,-9,-9
2,483,2,8,14,1,1,1,1,1,1,-9,1,1,-9,-9,-9,-9,0,-9,-9
2,447,1,6,12,1,1,1,1,1,1,1,1,1,0,0,0,-9,0,0,0
2,600,1,6,13,1,1,1,1,0,0,1,1,1,0,0,0,0,-9,-9,-9
2,72,2,7,14,1,1,1,1,1,1,1,1,0,0,0,0,-9,-9,-9,-9
2,201,1,7,15,1,1,1,1,-9,-9,-9,0,-9,0,0,-9,-9,-9,-9,0
2,987,1,6,12,1,1,1,1,1,1,1,1,-9,9,-9,-9,-9,-9,-9,-9
2,762,2,6,12,1,1,1,1,1,1,1,1,1,1,0,0,-9,-9,-9,-9
2,991,1,6,12,1,0,1,1,1,1,-9,1,1,1,0,0,1,0,0,-9
2,613,2,7,13,0,-9,1,1,-9,-9,0,1,1,-9,-9,0,-9,0,-9,-9
2,627,1,7,13,1,1,1,1,-9,1,1,1,1,1,-9,0,-9,-9,-9,-9
2,684,2,7,13,1,1,1,1,0,1,1,1,1,0,-9,0,-9,-9,-9,-9
2,294,2,7,14,-9,0,1,1,-9,-9,0,0,1,-9,-9,-9,0,-9,-9,-9
2,311,1,8,14,1,-9,1,1,1,1,1,1,1,-9,-9,0,-9,1,0,-9
2,345,1,8,14,1,1,1,1,0,1,1,0,1,1,-9,0,0,0,-9,-9
2,463,1,8,14,1,1,1,1,0,0,1,0,1,0,1,0,-9,-9,-9,0
2,636,1,8,14,1,1,1,1,1,1,1,1,1,0,-9,0,-9,-9,0,-9
2,691,1,7,14,1,1,1,1,0,1,1,0,1,1,-9,-9,-9,-9,0,0
2,769,2,7,14,1,1,1,1,1,1,1,0,1,1,-9,0,1,1,1,1
2,315,1,8,15,-9,1,1,1,0,1,1,1,1,-9,-9,0,-9,-9,-9,-9
2,153,2,7,13,1,0,1,1,0,1,1,1,1,-9,-9,-9,-9,-9,-9,-9
2,494,2,8,14,1,1,1,1,0,1,1,1,1,1,0,-9,-9,-9,-9,-9
2,537,2,8,15,1,1,0,-9,1,1,1,1,1,1,0,0,-9,0,0,-9
2,852,1,8,15,1,1,1,1,1,1,1,1,1,1,0,0,1,-9,-9,-9
2,631,2,7,13,1,0,1,1,0,1,1,1,1,0,0,0,0,1,0,-9
2,881,2,6,13,1,1,1,1,0,1,1,0,1,-9,0,0,-9,-9,-9,-9
2,301,2,8,14,1,-9,1,1,-9,1,1,0,1,-9,-9,0,-9,-9,-9,-9
2,423,1,6,14,1,1,1,0,1,-9,-9,0,1,0,-9,0,-9,-9,-9,-9
2,417,2,8,14,1,1,1,1,1,1,1,1,1,1,1,-9,-9,-9,-9,-9
2,658,1,8,14,1,1,1,1,0,1,1,0,1,0,1,0,0,0,0,0
2,79,2,7,13,1,0,1,1,1,1,1,1,1,0,1,-9,-9,-9,-9,-9
2,4,2,8,13,1,-9,1,1,1,1,1,1,1,-9,-9,0,-9,-9,-9,-9
2,913,1,6,12,1,1,1,1,1,1,1,1,1,0,-9,0,-9,0,-9,-9
2,481,2,8,14,1,1,1,1,1,1,-9,1,1,1,0,0,-9,-9,-9,-9
2,204,1,8,15,1,1,1,1,0,1,1,1,1,1,0,0,-9,-9,-9,-9
2,915,1,6,14,-9,0,1,1,0,1,1,0,1,1,0,-9,-9,-9,-9,0
2,1107,2,7,13,1,1,1,1,-9,1,1,0,1,-9,-9,-9,-9,-9,-9,-9
2,842,1,7,14,1,1,1,1,1,1,1,1,1,-9,1,-9,-9,-9,-9,-9
2,870,1,6,12,1,1,1,1,1,1,1,1,1,1,0,0,0,0,-9,-9
2,612,1,7,13,1,1,1,1,0,1,1,0,1,1,0,-9,-9,0,0,-9
2,505,1,7,13,1,1,1,1,-9,1,1,1,1,1,-9,-9,-9,-9,-9,-9
2,526,1,8,14,1,0,1,1,-9,1,1,1,1,0,-9,0,-9,-9,-9,-9
2,682,2,7,13,1,-9,1,1,1,1,1,1,1,-9,0,-9,-9,-9,-9,-9
2,719,1,6,13,1,1,1,1,1,1,1,1,1,0,1,0,1,1,0,-9
2,217,2,7,15,1,1,1,1,-9,1,1,1,1,-9,-9,0,0,-9,-9,0
2,686,1,7,15,1,1,1,1,0,1,1,1,1,-9,0,1,-9,1,-9,-9
2,882,2,6,13,1,1,1,1,-9,1,0,0,1,-9,1,0,-9,-9,-9,-9
2,260,1,8,14,1,1,1,1,1,0,-9,1,1,-9,0,0,-9,1,0,0
2,712,2,6,13,1,1,1,1,1,1,1,0,1,0,1,-9,-9,0,-9,-9
2,340,1,8,14,1,1,1,1,-9,0,0,0,1,-9,0,-9,-9,-9,-9,0
2,984,2,8,14,1,1,1,1,1,1,1,0,1,1,0,0,-9,-9,-9,-9
2,264,1,8,14,1,1,1,1,-9,1,0,1,1,0,-9,0,-9,1,0,0
2,624,1,7,14,0,1,1,1,1,1,1,1,1,1,-9,0,0,1,-9,-9
2,607,1,6,12,1,1,1,1,1,1,1,0,1,0,1,0,-9,-9,-9,-9
2,178,2,8,14,1,1,1,1,1,1,1,1,1,1,0,-9,-9,-9,-9,-9
2,472,2,8,14,1,1,1,1,1,1,0,1,1,1,0,-9,-9,-9,-9,-9
2,296,1,7,13,1,1,1,1,0,1,1,1,1,0,1,-9,-9,-9,-9,-9
2,403,1,7,13,0,1,1,1,-9,0,1,0,1,-9,0,-9,-9,-9,-9,-9
2,212,1,8,14,1,-9,1,1,-9,1,1,0,1,-9,-9,-9,-9,-9,-9,-9
2,377,1,7,14,1,1,1,1,-9,1,-9,1,1,0,-9,0,0,1,-9,-9
2,391,2,7,16,1,1,1,1,0,0,-9,1,1,-9,-9,-9,-9,0,-9,-9
2,168,2,8,14,1,1,1,1,0,1,1,1,1,-9,-9,-9,-9,-9,-9,-9
2,527,1,8,15,1,1,1,1,0,1,1,1,1,1,0,0,-9,1,0,-9
2,255,1,8,14,1,1,1,1,1,1,1,1,1,0,1,-9,-9,0,0,-9
2,702,2,6,12,1,1,1,1,1,0,1,0,1,1,-9,-9,-9,-9,-9,-9
2,71,1,8,14,1,1,1,1,0,1,1,0,1,1,1,0,-9,0,-9,-9
2,135,1,7,13,1,1,1,1,1,1,-9,0,1,0,-9,-9,-9,0,-9,-9
2,11,2,7,14,1,0,1,1,-9,1,1,0,1,0,0,0,-9,0,-9,0
2,727,1,8,14,1,1,1,1,1,1,1,1,1,0,1,0,0,-9,0,-9
2,293,2,7,13,1,1,1,1,-9,-9,1,0,1,0,-9,-9,-9,-9,-9,0
2,1014,1,8,15,1,-9,1,1,0,-9,-9,0,1,-9,-9,-9,-9,-9,-9,-9
2,734,2,8,14,1,0,1,1,0,1,1,0,0,-9,-9,-9,-9,-9,-9,-9
2,475,1,8,15,1,1,0,1,1,1,0,1,0,-9,-9,0,0,-9,0,0
2,102,1,8,14,1,1,1,1,0,1,1,0,0,1,0,0,1,-9,-9,-9
2,757,2,6,12,1,1,1,1,1,1,1,1,0,0,0,0,-9,-9,-9,-9
2,8,1,7,13,1,1,1,1,0,1,-9,1,0,-9,-9,-9,-9,-9,-9,-9
2,229,1,7,13,1,1,1,1,0,0,-9,1,0,0,0,0,-9,-9,-9,-9
2,698,2,6,13,1,0,1,1,0,0,-9,1,0,0,-9,-9,0,0,0,0
2,323,1,7,13,1,1,1,1,1,1,0,1,0,0,0,0,-9,-9,-9,-9
2,451,2,6,12,1,0,1,1,-9,1,1,1,0,-9,-9,-9,-9,-9,-9,-9
2,276,1,6,12,1,1,1,1,1,1,-9,1,-9,-9,-9,-9,-9,-9,-9,-9
2,935,1,6,13,1,1,1,1,0,1,0,0,-9,0,0,0,-9,0,-9,0
2,146,2,7,14,0,1,1,1,0,-9,1,0,-9,-9,-9,-9,-9,-9,-9,-9
2,338,1,8,15,1,1,1,1,-9,0,-9,0,-9,0,-9,-9,-9,-9,-9,-9
2,88,1,7,13,1,1,1,1,1,1,1,1,-9,0,-9,0,-9,-9,-9,-9
2,332,1,7,16,1,1,1,1,-9,1,-9,0,-9,1,-9,-9,-9,-9,0,-9
2,97,2,8,15,-9,-9,1,1,-9,1,-9,-9,-9,-9,-9,-9,-9,-9,-9,-9
2,333,1,7,13,1,1,1,1,1,1,-9,-9,-9,1,1,0,-9,-9,-9,-9
2,215,2,7,14,1,1,1,1,-9,1,-9,1,-9,-9,-9,-9,-9,-9,-9,-9
2,383,2,7,14,1,1,1,1,-9,1,-9,1,-9,0,-9,-9,-9,-9,-9,-9
2,694,2,7,13,1,1,1,1,-9,1,-9,1,-9,0,-9,-9,-9,-9,-9,-9
2,1108,2,7,14,1,-9,1,1,-9,-9,-9,-9,-9,-9,-9,-9,-9,-9,-9,-9
2,242,2,7,16,-9,1,1,1,-9,1,1,0,-9,-9,-9,-9,-9,-9,-9,-9
2,453,1,6,13,1,1,1,0,1,0,0,1,-9,0,-9,-9,0,1,-9,-9
2,1005,1,6,13,1,1,1,1,1,0,-9,0,-9,-9,0,-9,-9,0,0,-9
2,473,1,8,15,1,1,1,1,1,-9,0,0,-9,1,-9,0,-9,-9,0,-9
2,83,2,7,12,1,1,1,1,1,1,1,0,1,1,1,-9,-9,-9,0,-9
2,590,2,6,12,1,1,1,1,1,1,1,0,1,1,0,0,-9,-9,-9,-9
2,599,1,6,12,1,1,1,1,1,1,1,1,1,0,0,0,0,-9,-9,-9
2,608,1,6,12,1,1,1,1,1,0,1,1,1,-9,1,0,1,0,-9,0
2,759,2,6,12,1,1,1,1,1,1,1,0,1,0,0,0,-9,-9,-9,-9
2,807,2,6,12,1,1,1,1,0,1,-9,0,1,-9,-9,-9,-9,-9,-9,-9
2,816,2,6,12,1,1,1,1,1,1,-9,1,1,0,1,-9,-9,-9,-9,-9
2,868,1,6,12,1,1,1,1,1,1,1,1,1,1,0,0,0,0,-9,-9
2,871,1,6,12,1,1,1,1,1,1,1,1,1,1,1,-9,1,1,-9,0
2,878,2,6,12,1,1,1,1,1,1,1,1,1,1,1,0,-9,-9,0,1
2,884,2,6,12,1,1,1,1,1,0,-9,0,1,0,-9,0,-9,-9,-9,0
2,892,2,6,12,1,1,1,1,-9,1,1,1,1,1,0,-9,0,-9,0,-9
2,939,1,6,12,1,1,1,1,1,1,1,0,1,1,1,0,0,0,1,0
2,941,1,6,12,1,1,1,1,1,1,1,0,1,1,1,0,0,0,0,0
2,944,1,6,12,1,1,1,1,1,1,1,0,1,1,0,0,0,0,0,-9
2,26,2,7,13,1,1,1,1,1,1,1,1,1,-9,-9,0,-9,0,0,-9
2,27,2,7,13,1,0,1,1,1,1,1,0,1,0,0,0,-9,-9,-9,0
2,43,2,7,13,1,0,1,1,0,-9,1,1,1,0,-9,-9,-9,-9,-9,-9
2,81,2,7,13,1,1,1,1,1,1,1,1,1,-9,1,0,-9,-9,1,-9
2,86,2,7,13,1,1,1,1,1,1,1,1,1,1,1,1,1,-9,-9,-9
2,226,2,7,13,-9,-9,1,1,-9,0,1,1,1,0,-9,-9,-9,-9,-9,-9
2,246,1,7,13,1,1,1,1,1,1,1,1,1,0,1,0,-9,0,-9,-9
2,252,1,8,13,1,1,1,1,1,1,1,1,1,1,0,0,-9,-9,-9,-9
2,280,2,6,13,0,1,1,1,0,1,0,0,1,1,-9,0,-9,-9,-9,0
2,330,2,7,13,1,1,1,1,1,1,1,1,1,-9,1,0,-9,-9,0,-9
2,365,2,7,13,1,1,1,1,1,1,0,0,1,-9,-9,-9,-9,-9,-9,-9
2,370,1,7,13,1,1,1,1,0,1,1,1,1,1,0,0,-9,0,-9,0
2,376,1,7,13,1,1,1,1,0,1,1,1,1,1,-9,-9,-9,-9,0,0
2,378,1,7,13,1,1,1,1,1,1,1,0,1,0,-9,0,-9,-9,-9,0
2,380,2,7,13,1,-9,1,1,-9,1,1,1,1,-9,-9,0,-9,0,-9,-9
2,562,2,7,13,1,1,1,1,1,1,1,0,1,1,0,0,-9,0,-9,-9
2,569,2,7,13,1,1,1,1,1,1,1,0,1,1,1,0,1,-9,0,-9
2,573,1,7,13,1,1,1,1,1,1,1,1,1,1,1,1,1,1,0,0
2,574,2,7,13,1,1,1,1,1,1,1,1,1,-9,0,-9,-9,-9,-9,-9
2,632,2,7,13,1,1,1,1,-9,1,1,1,1,1,-9,-9,-9,-9,0,0
2,664,1,7,13,1,1,1,1,1,1,1,0,1,1,1,0,-9,0,-9,0
2,669,1,7,13,1,1,1,1,1,1,1,1,1,0,1,-9,-9,-9,-9,-9
2,676,2,7,13,1,1,1,1,0,1,1,0,1,0,1,0,-9,-9,-9,-9
2,678,2,7,13,1,1,1,1,0,1,1,1,1,0,1,0,-9,-9,-9,-9
2,714,2,6,13,1,1,1,1,1,1,1,1,1,0,0,0,-9,1,-9,-9
2,771,2,7,13,1,1,1,1,1,0,1,1,1,1,1,-9,-9,0,0,-9
2,780,2,7,13,1,1,1,1,1,1,1,0,1,-9,1,0,-9,-9,-9,-9
2,803,2,6,13,1,0,1,1,1,1,1,1,1,1,1,0,-9,0,0,-9
2,821,1,7,13,1,1,1,1,1,1,1,0,1,-9,1,1,1,0,0,0
2,834,1,7,13,1,1,1,1,1,1,1,0,1,0,0,-9,1,0,0,0
2,836,1,7,13,1,1,1,1,1,1,1,1,1,1,1,-9,1,1,1,-9
2,840,1,7,13,1,1,1,1,1,1,1,1,1,-9,1,0,-9,-9,0,-9
2,869,1,6,13,1,1,1,1,0,1,1,1,1,0,1,0,-9,-9,0,-9
2,873,2,6,13,1,1,1,1,1,1,1,0,1,-9,0,0,-9,-9,-9,-9
2,903,2,6,13,1,1,1,1,1,1,1,1,1,0,0,0,-9,-9,0,-9
2,904,2,6,13,1,1,1,1,0,1,1,0,1,-9,-9,1,-9,0,-9,-9
2,920,1,6,13,1,1,1,1,1,1,1,1,1,1,0,0,0,1,0,0
2,947,1,6,13,1,1,1,1,1,1,1,0,1,-9,1,0,0,-9,0,-9
2,953,1,6,13,1,1,1,1,1,0,1,1,1,0,0,0,0,0,1,0
2,955,1,6,13,1,1,1,1,1,1,1,0,1,1,1,0,1,0,-9,-9
2,1104,2,7,13,1,1,1,1,-9,1,0,1,1,-9,-9,0,-9,-9,-9,-9
2,1112,2,7,13,1,1,1,1,-9,-9,1,1,1,0,-9,-9,-9,-9,-9,-9
2,5,1,8,14,1,1,1,1,1,1,1,0,1,1,1,0,1,1,0,1
2,21,1,7,14,1,1,1,1,0,1,1,1,1,0,-9,-9,-9,-9,-9,-9
2,45,2,8,14,1,1,1,1,0,0,1,1,1,0,0,-9,-9,-9,-9,-9
2,49,2,8,14,1,0,1,1,1,1,1,1,1,1,0,0,-9,0,0,0
2,51,2,8,14,1,1,1,1,-9,1,1,1,1,-9,0,-9,-9,-9,-9,-9
2,56,2,8,14,1,1,1,1,0,0,1,0,1,-9,0,0,-9,-9,-9,-9
2,57,2,8,14,1,1,1,1,1,1,1,1,1,1,1,0,1,0,-9,-9
2,61,2,8,14,1,1,1,1,-9,1,-9,0,1,-9,-9,0,-9,-9,-9,-9
2,66,1,8,14,1,1,1,1,1,1,1,1,1,0,0,-9,0,0,-9,-9
2,68,1,8,14,1,1,1,1,1,1,1,0,1,1,1,0,1,0,0,0
2,125,2,8,14,1,1,1,1,1,1,1,1,1,1,1,0,1,-9,-9,-9
2,158,2,8,14,1,1,1,1,1,1,1,1,1,0,1,1,1,1,0,-9
2,177,2,8,14,1,1,1,1,1,1,1,0,1,0,0,0,-9,-9,-9,-9
2,179,2,8,14,1,1,1,1,-9,1,1,1,1,-9,0,-9,-9,0,-9,0
2,193,1,7,14,1,1,1,1,1,1,1,1,1,1,1,0,0,0,0,0
2,202,2,8,14,1,1,1,1,1,1,1,1,1,1,1,-9,-9,-9,-9,-9
2,214,1,8,14,1,1,1,1,1,1,1,0,1,0,0,-9,-9,-9,-9,-9
2,261,2,8,14,1,1,1,1,1,1,1,1,1,1,0,0,-9,-9,0,-9
2,262,2,8,14,1,1,1,1,1,1,1,1,1,1,1,0,-9,-9,0,-9
2,313,1,8,14,1,1,1,1,1,1,1,0,1,1,0,0,-9,0,0,-9
2,319,1,8,14,1,1,1,1,1,1,1,1,1,1,0,0,1,-9,-9,-9
2,356,2,8,14,1,1,1,1,-9,1,1,0,1,1,1,0,-9,-9,-9,-9
2,358,2,8,14,1,1,1,0,1,0,0,0,1,0,1,0,1,-9,1,0
2,412,2,8,14,1,1,1,1,0,1,1,0,1,0,1,-9,-9,-9,-9,-9
2,415,2,8,14,1,1,1,1,0,1,1,1,1,-9,1,0,1,-9,0,-9
2,416,2,8,14,1,1,1,1,1,1,1,0,1,0,1,0,1,0,0,-9
2,418,2,8,14,1,1,1,1,1,1,1,1,1,1,1,-9,-9,-9,-9,-9
2,419,1,8,14,1,1,1,1,1,1,1,1,1,0,1,0,1,1,1,1
2,466,2,8,14,1,1,1,1,1,1,1,1,1,0,1,1,0,0,0,0
2,482,2,8,14,1,1,1,1,1,1,0,1,1,-9,-9,0,-9,0,-9,-9
2,486,2,8,14,1,1,1,1,1,1,1,-9,1,-9,1,-9,-9,-9,-9,-9
2,501,2,7,14,1,0,1,1,1,1,1,0,1,0,0,0,-9,-9,0,-9
2,547,1,8,14,1,1,1,1,1,1,1,1,1,1,0,0,-9,-9,-9,-9
2,581,2,7,14,1,1,1,1,0,1,1,0,1,0,0,0,-9,-9,-9,-9
2,635,1,7,14,1,1,1,1,1,1,1,1,1,1,-9,0,0,0,-9,0
2,639,1,8,14,1,1,1,1,1,1,0,1,1,-9,0,0,-9,-9,-9,-9
2,649,2,8,14,1,1,1,1,1,1,1,0,1,1,0,-9,-9,-9,-9,-9
2,651,2,8,14,1,1,1,1,1,1,0,1,1,-9,0,0,-9,0,-9,-9
2,652,2,8,14,1,1,1,1,1,1,1,0,1,1,0,0,-9,0,-9,-9
2,654,2,8,14,1,1,1,1,1,1,1,1,1,1,1,0,-9,0,-9,-9
2,655,2,8,14,1,1,1,1,1,1,1,1,1,1,1,1,1,-9,-9,-9
2,667,1,7,14,1,1,1,1,1,1,1,1,1,0,0,0,1,0,1,-9
2,673,2,7,14,1,1,1,1,0,1,1,1,1,0,1,0,-9,-9,-9,-9
2,683,2,7,14,1,1,1,1,1,1,1,1,1,-9,0,-9,-9,-9,-9,-9
2,723,1,8,14,1,1,1,1,1,1,1,1,1,-9,-9,-9,-9,-9,-9,-9
2,738,2,8,14,1,1,1,1,1,1,1,1,1,0,-9,-9,-9,-9,-9,-9
2,768,2,7,14,1,-9,1,1,0,1,1,0,1,0,-9,0,0,0,0,-9
2,777,2,7,14,1,1,1,1,1,-9,1,0,1,0,0,-9,-9,-9,-9,0
2,779,2,7,14,1,1,1,1,1,0,-9,1,1,0,1,-9,-9,0,-9,-9
2,784,2,7,14,0,1,1,1,0,-9,1,1,1,-9,-9,0,-9,-9,-9,-9
2,786,2,7,14,1,0,1,1,0,0,1,0,1,0,1,0,-9,-9,-9,-9
2,789,2,7,14,1,1,0,1,1,1,1,0,1,1,0,0,1,-9,-9,-9
2,792,2,7,14,1,0,1,1,1,1,1,1,1,1,1,-9,-9,-9,-9,-9
2,819,1,7,14,0,1,1,1,1,1,1,1,1,1,0,0,1,0,-9,0
2,824,1,7,14,1,1,1,1,1,1,1,1,1,1,1,0,-9,-9,0,-9
2,832,1,7,14,1,1,1,1,1,1,1,0,1,-9,1,1,1,1,1,-9
2,847,1,8,14,1,1,1,1,1,1,1,1,1,1,1,0,-9,1,0,-9
2,848,1,8,14,1,1,1,1,1,1,1,1,1,1,1,1,1,1,0,1
2,851,1,8,14,1,1,1,1,1,1,1,0,1,-9,-9,0,-9,-9,-9,-9
2,856,1,8,14,1,1,1,1,1,1,1,0,1,1,1,0,1,0,0,0
2,865,1,8,14,1,1,1,1,0,1,1,0,1,1,0,0,1,1,-9,-9
2,867,1,8,14,1,1,1,1,1,1,1,0,1,0,-9,0,0,0,-9,-9
2,963,2,8,14,1,1,1,1,1,1,1,0,1,1,-9,-9,-9,-9,-9,-9
2,969,2,8,14,1,1,1,1,1,1,1,1,1,1,1,0,-9,0,-9,-9
2,973,2,8,14,1,1,1,1,-9,1,1,0,1,0,0,0,-9,0,0,-9
2,1021,2,8,14,1,1,1,1,1,1,1,0,1,0,1,-9,-9,1,-9,-9
2,1022,2,8,14,1,1,1,1,1,1,1,0,1,0,1,-9,-9,-9,-9,-9
2,1025,2,8,14,1,1,1,1,0,1,1,0,1,-9,0,0,-9,-9,-9,-9
2,1026,2,8,14,1,1,1,1,1,1,1,0,1,-9,0,0,-9,-9,-9,-9
2,1105,2,7,14,1,1,1,1,-9,0,1,1,1,-9,-9,-9,-9,-9,-9,-9
2,1113,1,7,14,1,1,1,0,0,1,1,0,1,1,0,-9,-9,-9,0,-9
2,350,2,8,15,1,1,1,1,1,1,1,1,1,1,1,0,1,0,0,-9
2,495,2,8,15,1,1,1,1,1,1,1,1,1,1,0,0,1,-9,-9,0
2,528,2,8,15,1,1,1,1,1,1,1,-9,1,1,-9,0,-9,-9,-9,-9
2,637,1,8,15,1,1,1,1,1,1,-9,1,1,1,-9,-9,-9,-9,-9,-9
2,648,2,8,15,1,1,1,1,0,1,1,1,1,1,1,0,-9,-9,-9,-9
2,653,2,8,15,1,1,1,1,0,1,0,0,1,1,1,0,1,0,-9,-9
2,724,2,8,15,1,1,1,1,0,1,1,1,1,1,-9,0,-9,-9,-9,0
2,742,2,8,15,1,1,1,1,1,1,1,1,1,-9,-9,-9,-9,-9,-9,-9
2,743,2,8,15,1,1,1,1,1,1,1,1,1,1,1,0,1,-9,-9,-9
2,845,1,8,15,1,1,1,1,1,1,1,1,1,-9,1,1,1,1,0,1
2,859,1,8,15,1,1,1,1,1,1,1,1,1,-9,1,0,-9,1,-9,1
2,860,1,8,15,1,1,1,1,1,1,1,0,1,1,1,1,1,1,0,0
2,863,1,8,15,1,1,1,1,1,0,0,0,1,1,0,0,0,0,0,0
2,960,2,8,15,1,1,1,1,1,1,1,0,1,0,-9,0,-9,-9,-9,-9
2,961,2,8,15,1,1,1,1,-9,1,1,0,1,-9,0,0,-9,-9,0,0
2,972,2,8,15,1,1,1,1,1,1,1,1,1,1,1,1,-9,1,1,1
2,979,2,8,15,1,0,1,1,0,1,1,0,1,-9,-9,-9,-9,-9,-9,-9
2,983,2,8,15,1,-9,1,1,1,1,1,0,1,0,1,-9,-9,0,-9,-9
2,1012,1,8,15,1,1,1,1,1,1,1,1,1,-9,0,0,-9,-9,0,-9
2,458,1,6,12,1,1,1,1,1,1,1,1,1,0,1,-9,-9,-9,0,-9
2,876,1,6,12,1,1,1,1,1,1,-9,0,1,0,0,0,-9,-9,0,-9
2,986,1,6,12,1,1,1,1,1,1,1,1,1,0,1,1,-9,1,-9,-9
2,20,2,7,13,1,1,1,0,0,1,1,1,1,-9,0,0,-9,0,-9,0
2,140,1,7,13,1,1,1,1,0,1,1,1,1,-9,-9,0,-9,-9,-9,-9
2,224,1,7,13,1,1,1,1,0,1,1,1,1,-9,-9,-9,-9,0,-9,-9
2,576,1,7,13,1,1,1,1,1,-9,1,1,1,1,1,0,-9,0,0,-9
2,587,2,6,13,1,1,1,1,0,1,1,0,1,1,0,0,0,0,-9,-9
2,679,2,7,13,1,1,1,1,0,1,1,1,1,0,0,0,-9,-9,-9,-9
2,705,1,6,13,1,1,1,1,1,1,1,1,1,1,1,1,-9,0,-9,-9
2,756,2,6,13,1,1,1,1,1,1,1,0,1,0,0,0,0,0,0,0
2,839,1,7,13,1,1,1,1,1,1,1,1,1,1,1,0,0,-9,0,-9
2,890,1,6,13,1,1,1,1,1,1,1,1,1,1,0,1,1,0,1,-9
2,894,1,6,13,1,-9,1,1,0,0,-9,1,1,-9,0,-9,-9,-9,-9,-9
2,919,1,6,13,1,1,1,1,0,1,1,0,1,0,1,0,0,0,-9,-9
2,949,1,6,13,1,1,1,1,-9,1,1,0,1,-9,0,0,-9,0,0,-9
2,70,2,8,14,1,1,1,1,0,1,1,1,1,0,0,0,-9,-9,-9,-9
2,171,2,8,14,1,1,1,1,1,1,1,1,1,1,1,0,-9,-9,-9,-9
2,359,2,8,14,1,1,1,1,0,1,1,1,1,1,1,-9,-9,0,-9,0
2,410,2,8,14,1,1,1,1,0,0,1,-9,1,-9,-9,0,0,0,-9,-9
2,488,2,8,14,1,-9,1,1,-9,1,1,1,1,-9,-9,-9,-9,-9,-9,-9
2,493,1,8,14,-9,1,-9,1,-9,1,-9,1,1,1,-9,-9,-9,-9,-9,-9
2,520,2,7,14,1,-9,1,1,1,1,1,1,1,-9,-9,-9,-9,-9,-9,-9
2,525,1,8,14,1,1,1,1,1,1,-9,0,1,-9,1,0,-9,1,0,-9
2,545,1,8,14,-9,1,1,1,1,1,1,0,1,0,-9,0,1,1,0,-9
2,629,1,7,14,1,1,1,1,0,1,1,0,1,0,1,-9,-9,1,0,-9
2,642,1,8,14,1,1,1,1,1,1,1,0,1,1,0,0,0,1,-9,-9
2,674,2,7,14,1,1,1,1,1,1,1,0,1,0,1,-9,-9,-9,-9,-9
2,680,2,7,14,1,1,1,1,0,1,1,1,1,1,1,-9,-9,-9,-9,-9
2,722,1,8,14,1,1,1,1,1,1,1,1,1,0,0,0,-9,-9,-9,-9
2,725,1,8,14,1,1,1,1,1,1,1,1,1,1,-9,0,0,-9,-9,-9
2,827,1,7,14,1,1,1,1,1,1,1,0,1,-9,0,0,-9,0,0,-9
2,837,1,7,14,1,1,1,1,1,1,1,1,1,0,0,0,1,1,0,-9
2,844,1,8,14,1,1,1,1,1,1,1,0,1,0,1,-9,-9,-9,0,-9
2,862,1,8,14,1,1,1,1,1,1,1,1,1,1,1,1,0,1,1,0
2,971,2,8,14,1,1,1,1,1,1,1,1,1,-9,1,1,-9,1,-9,-9
2,156,1,8,15,1,1,0,1,1,1,1,1,1,1,1,1,1,1,0,-9
2,534,2,8,15,1,1,1,1,-9,1,1,0,1,1,-9,-9,-9,0,0,-9
2,732,1,8,15,1,1,1,1,1,1,0,1,1,-9,1,0,-9,0,-9,-9
2,736,2,8,15,1,1,1,1,1,1,1,1,1,0,-9,0,-9,-9,-9,-9
2,857,1,8,15,1,1,1,1,1,1,1,0,1,1,1,-9,-9,1,-9,0
2,958,2,8,15,1,1,1,1,0,1,1,0,1,0,1,0,0,-9,-9,-9
2,959,2,8,15,1,1,1,1,1,1,1,1,1,-9,-9,0,0,-9,-9,-9
2,975,2,8,15,1,1,1,1,0,1,0,1,1,1,0,0,-9,0,-9,-9
2,938,1,6,12,1,1,1,1,1,1,1,1,1,1,1,0,1,0,0,0
2,143,2,7,13,1,1,1,1,-9,1,1,0,1,0,0,0,-9,0,-9,-9
2,194,1,7,13,1,0,1,1,1,1,1,1,1,0,1,0,-9,-9,-9,-9
2,199,1,7,13,1,1,1,1,1,-9,1,-9,1,-9,1,-9,-9,-9,-9,-9
2,245,1,7,13,1,1,1,1,0,1,1,1,1,0,-9,0,-9,-9,-9,-9
2,292,2,7,13,1,1,1,1,-9,1,1,-9,1,-9,-9,0,-9,-9,-9,-9
2,382,2,7,13,1,-9,1,1,-9,0,1,1,1,-9,-9,0,-9,0,-9,-9
2,603,2,6,13,1,1,1,1,0,1,1,0,1,-9,0,0,-9,0,-9,-9
2,704,1,6,13,1,1,1,1,1,1,-9,0,1,1,1,-9,-9,-9,-9,-9
2,713,2,6,13,1,1,1,1,1,1,1,0,1,0,-9,0,-9,-9,-9,-9
2,830,1,7,13,1,1,1,1,0,1,1,0,1,1,1,0,-9,0,0,-9
2,902,2,6,13,1,1,1,1,1,1,1,0,1,-9,0,0,-9,0,-9,-9
2,908,1,6,13,1,1,1,1,1,1,1,1,1,1,1,0,0,-9,-9,-9
2,954,1,6,13,1,1,1,1,1,1,1,1,1,0,0,0,0,0,0,0
2,53,2,8,14,1,1,1,1,-9,1,1,1,1,-9,0,-9,-9,-9,-9,-9
2,54,2,8,14,1,1,1,1,-9,1,1,1,1,0,0,-9,-9,-9,-9,-9
2,59,1,8,14,1,1,1,1,1,1,1,0,1,0,1,0,-9,1,-9,-9
2,69,1,8,14,1,1,1,1,1,1,1,0,1,1,1,0,-9,0,-9,-9
2,688,1,7,14,1,1,1,1,1,1,1,0,1,1,1,0,1,1,1,-9
2,855,1,8,15,1,1,1,1,1,1,1,0,1,0,-9,0,1,-9,1,-9
2,30,2,7,13,1,1,1,1,1,0,1,1,1,1,1,0,-9,0,-9,-9
2,689,1,7,13,1,1,1,1,1,1,1,0,1,0,0,0,-9,-9,-9,-9
2,206,1,8,14,1,1,1,1,1,1,1,1,1,1,1,-9,-9,-9,-9,-9
2,349,2,8,15,1,1,1,1,1,1,1,1,1,1,1,-9,1,-9,0,-9
2,752,2,6,12,1,-9,1,1,0,0,-9,0,1,0,0,0,-9,0,0,-9
2,788,2,7,13,1,1,1,0,1,1,1,1,1,1,1,0,1,-9,-9,-9
2,408,1,8,14,1,1,1,1,1,1,1,1,1,0,1,0,-9,-9,-9,-9
2,503,2,7,13,1,1,1,1,1,1,0,1,1,1,0,0,-9,-9,-9,-9
2,116,2,8,14,1,1,1,1,1,0,1,1,1,0,1,0,1,-9,-9,-9
2,515,2,7,14,1,1,1,1,1,0,1,1,1,-9,1,-9,-9,-9,-9,-9
2,596,2,6,13,1,1,1,1,1,1,1,1,1,1,1,0,-9,-9,-9,-9
2,748,1,6,13,1,0,1,1,0,1,1,1,1,0,0,-9,-9,-9,-9,-9
2,925,2,6,13,1,1,1,1,1,1,1,1,1,1,0,0,-9,0,0,0
2,39,2,7,13,1,1,1,1,-9,1,1,0,1,0,1,0,-9,0,0,-9
2,593,1,6,13,1,1,1,1,1,1,1,1,1,-9,0,0,-9,-9,-9,-9
2,159,2,8,14,1,1,1,1,1,1,1,1,1,-9,1,0,1,1,-9,-9
2,118,2,8,15,1,-9,1,1,-9,1,-9,0,1,-9,0,-9,-9,-9,-9,-9
2,476,1,8,14,1,1,1,1,1,1,-9,0,1,-9,0,-9,-9,-9,0,-9
2,699,2,6,12,1,1,1,1,0,1,1,0,1,0,-9,-9,-9,-9,-9,-9
2,95,2,7,13,1,1,1,1,1,0,1,1,1,-9,-9,0,-9,-9,-9,-9
2,598,2,6,13,1,1,1,1,0,1,1,1,1,1,1,0,-9,-9,-9,-9
2,1111,2,7,13,1,1,1,1,-9,1,0,1,1,-9,0,0,-9,-9,-9,-9
2,46,2,8,14,1,1,0,1,1,1,1,1,1,1,1,1,1,-9,-9,-9
2,677,2,7,14,1,1,1,1,0,1,1,1,1,0,1,0,-9,0,-9,-9
2,218,2,7,13,1,1,1,1,1,1,1,1,1,1,0,-9,-9,-9,-9,-9
2,875,1,6,13,0,0,1,1,0,0,0,1,1,1,0,0,-9,0,0,0
2,1007,2,6,13,1,1,1,1,-9,1,1,0,1,-9,-9,-9,-9,-9,-9,-9
2,29,2,7,13,1,1,1,1,1,1,1,1,1,1,1,0,0,0,-9,-9
2,65,1,8,14,1,1,1,1,1,1,1,1,1,1,1,0,1,1,0,-9
2,407,2,8,14,1,1,1,1,1,1,1,1,1,-9,-9,0,0,-9,-9,-9
2,509,2,7,14,1,0,1,1,0,1,0,1,1,0,1,0,-9,-9,-9,-9
2,1100,1,7,14,1,1,1,1,1,1,1,1,1,1,-9,-9,1,-9,1,-9
2,740,1,8,15,1,1,1,1,1,1,1,0,1,1,-9,-9,-9,-9,-9,-9
2,507,2,7,13,1,1,1,1,1,1,1,1,1,0,1,0,1,-9,-9,-9
2,773,2,7,13,1,1,1,1,1,1,1,0,1,0,1,1,-9,-9,-9,-9
2,60,1,8,15,1,1,1,1,1,1,1,1,1,0,1,0,-9,-9,0,-9
2,277,2,6,12,1,1,1,1,1,1,1,1,1,1,-9,0,-9,-9,-9,-9
2,886,1,6,12,1,1,1,1,1,1,1,0,1,1,1,0,-9,1,1,-9
2,38,2,7,13,1,1,1,1,1,1,1,1,1,0,0,0,0,1,0,-9
2,285,2,7,13,1,1,1,1,1,1,1,1,1,0,-9,-9,-9,0,1,-9
2,922,1,6,13,1,1,1,1,1,1,1,0,1,1,-9,-9,-9,0,-9,-9
2,13,2,8,14,-9,1,1,1,-9,-9,-9,-9,1,0,-9,0,-9,-9,-9,-9
2,422,1,8,14,1,1,1,1,1,1,-9,0,1,0,0,0,1,0,0,0
2,858,1,8,14,1,1,1,1,1,1,1,0,1,1,1,0,1,1,1,0
2,123,1,8,15,1,1,1,1,1,0,1,0,1,1,-9,0,-9,-9,-9,-9
2,420,1,8,15,1,1,1,1,1,1,1,1,1,1,1,0,1,1,1,0
2,982,2,8,15,1,1,1,1,1,1,1,1,1,1,0,0,-9,-9,0,-9
2,480,1,8,14,1,1,1,0,1,1,1,1,1,1,1,0,-9,0,0,-9
2,427,2,6,12,1,1,1,1,1,1,1,1,1,1,0,0,-9,-9,-9,-9
2,510,2,7,13,1,0,1,1,0,1,0,1,1,0,1,0,-9,-9,-9,-9
2,48,2,8,14,1,1,1,1,1,1,1,1,1,0,0,0,1,0,0,0
2,470,2,8,14,1,1,1,1,0,1,1,1,1,1,1,-9,-9,-9,0,-9
2,614,2,7,14,1,1,1,1,-9,0,1,0,1,-9,-9,0,0,-9,-9,-9
2,42,2,7,13,1,0,1,1,1,1,1,0,1,0,0,-9,-9,-9,-9,-9
2,1101,1,7,13,1,1,1,1,1,1,1,1,1,1,0,0,0,0,-9,-9
2,626,2,7,14,1,1,1,1,1,1,1,1,1,0,1,0,0,0,0,0
2,524,2,8,14,1,1,1,1,0,1,0,1,1,1,0,0,0,-9,-9,0
2,891,2,6,13,1,1,0,1,1,1,1,1,1,0,0,-9,-9,-9,-9,-9
2,643,1,8,15,1,1,1,1,1,1,1,1,1,1,-9,-9,1,-9,-9,-9
2,744,2,8,15,1,1,1,1,1,1,1,1,1,1,1,0,-9,-9,-9,-9
2,440,2,6,12,1,1,1,1,1,1,1,1,1,1,0,0,-9,-9,-9,-9
2,801,2,6,13,1,1,1,1,1,1,1,1,1,0,-9,-9,-9,-9,-9,-9
2,656,1,8,14,1,1,1,1,1,1,1,0,1,1,0,1,1,1,-9,0
2,813,2,6,13,1,1,1,1,1,0,1,0,1,1,-9,0,-9,0,0,-9
2,767,2,7,14,1,0,1,1,0,1,1,0,1,0,0,0,0,0,0,0
2,438,2,6,12,1,-9,1,1,-9,1,1,1,1,-9,-9,-9,-9,-9,-9,-9
2,805,2,6,13,1,-9,1,1,1,1,0,1,1,1,0,0,1,0,-9,0
2,638,1,8,14,1,1,1,1,0,1,1,1,1,1,-9,-9,-9,-9,-9,-9
2,124,2,8,15,1,1,1,1,-9,1,1,1,1,1,1,-9,-9,-9,-9,-9
2,254,2,8,15,1,1,1,1,1,1,1,1,1,1,0,0,-9,-9,0,-9
2,962,2,8,15,1,1,1,1,1,1,1,0,1,1,1,0,1,0,0,0
2,924,2,6,12,-9,-9,1,1,0,1,1,0,1,-9,-9,-9,-9,-9,-9,-9
2,169,2,8,15,1,1,1,1,0,1,0,1,1,-9,-9,0,-9,-9,-9,-9
2,149,2,7,13,-9,0,1,1,-9,1,1,1,1,-9,-9,0,-9,-9,-9,-9
2,905,2,6,12,1,1,1,1,1,1,1,0,1,1,1,-9,-9,-9,-9,-9
2,187,2,6,13,1,1,1,1,1,0,1,1,1,-9,-9,-9,-9,0,-9,-9
2,387,2,7,13,1,0,1,1,0,1,1,1,1,-9,-9,-9,-9,-9,-9,-9
2,567,2,7,13,1,0,1,1,-9,1,1,1,1,-9,1,0,-9,-9,-9,-9
2,307,2,8,14,1,1,1,1,0,1,1,1,1,-9,1,0,0,-9,-9,-9
2,355,2,8,14,1,1,1,1,0,0,1,0,1,1,-9,-9,-9,-9,-9,-9
2,239,2,7,13,1,0,1,1,1,1,1,1,1,1,1,0,-9,-9,-9,-9
2,646,2,8,15,1,1,1,1,1,0,1,0,1,-9,-9,0,1,-9,-9,-9
2,589,2,6,12,1,1,1,1,0,1,1,1,1,0,-9,-9,-9,0,-9,-9
2,708,2,6,12,0,1,1,1,-9,1,1,1,1,-9,-9,-9,-9,-9,-9,-9
2,782,2,7,13,1,1,1,1,0,1,1,0,1,0,-9,-9,-9,-9,-9,-9
2,308,1,8,14,1,-9,0,1,1,1,-9,0,1,0,0,-9,-9,1,0,-9
2,889,2,6,13,1,1,1,1,0,1,1,1,1,-9,-9,-9,-9,-9,-9,-9
2,735,2,8,15,1,0,1,1,0,1,1,0,1,-9,-9,-9,-9,-9,-9,-9
2,496,1,8,15,1,1,1,1,-9,1,1,1,1,0,-9,0,0,0,-9,-9
2,751,2,6,12,1,-9,1,1,1,1,1,0,1,0,1,0,-9,-9,-9,-9
2,351,2,8,14,1,1,1,1,1,1,1,0,1,1,0,0,1,0,0,0
2,50,1,8,15,1,1,1,1,1,1,1,1,1,1,-9,0,-9,-9,-9,-9
2,1109,2,7,15,1,1,1,1,0,1,0,0,1,0,1,-9,-9,-9,-9,-9
2,758,1,6,12,1,1,1,1,1,1,1,0,1,1,1,0,-9,-9,-9,-9
2,172,2,8,14,1,1,0,1,1,1,1,0,1,0,0,0,0,0,-9,-9
2,532,2,8,14,1,1,1,1,0,1,1,1,1,0,-9,-9,-9,-9,-9,-9
2,1115,1,7,14,1,1,1,1,1,1,1,1,1,0,-9,0,-9,-9,-9,-9
2,795,2,6,12,1,1,1,1,1,1,1,1,1,-9,1,0,-9,-9,-9,-9
2,22,1,7,13,1,1,-9,1,-9,1,1,1,1,-9,-9,-9,-9,-9,-9,-9
2,512,2,7,13,1,1,1,1,1,1,1,1,1,0,-9,0,1,0,-9,-9
2,519,2,7,13,1,1,1,1,-9,-9,1,1,1,1,1,-9,-9,-9,-9,0
2,861,1,8,15,1,1,1,1,1,-9,1,1,1,0,1,0,0,1,0,-9
2,964,2,8,15,1,1,1,1,1,1,1,1,1,1,1,0,0,0,1,0
2,284,2,7,13,1,1,1,1,1,1,1,1,1,-9,-9,-9,-9,-9,-9,-9
2,409,1,8,14,1,1,1,1,1,1,1,1,1,0,1,0,-9,1,0,-9
2,815,2,6,12,1,0,1,1,-9,1,-9,0,1,-9,1,-9,-9,0,-9,-9
2,203,2,8,14,1,1,1,1,1,1,1,0,1,-9,1,-9,-9,-9,-9,-9
2,491,1,8,14,1,1,1,1,-9,1,1,1,1,-9,-9,-9,-9,-9,-9,-9
2,729,1,8,14,1,1,1,1,1,1,1,0,1,1,-9,0,1,-9,-9,-9
2,138,1,7,16,1,1,1,1,1,1,1,0,1,1,0,0,-9,0,-9,0
2,197,2,7,13,1,-9,1,1,0,1,1,0,1,0,-9,-9,-9,-9,-9,-9
2,240,2,7,13,1,1,1,1,-9,1,1,1,1,0,1,0,-9,-9,-9,-9
2,516,2,7,13,1,1,0,1,0,1,1,0,1,1,0,0,-9,-9,-9,-9
2,809,2,6,13,1,1,1,1,-9,1,1,0,1,-9,-9,-9,0,-9,-9,-9
2,205,2,8,14,1,1,1,1,1,1,1,1,1,1,1,0,-9,-9,-9,-9
2,783,2,7,14,1,1,1,1,1,1,1,1,1,1,0,-9,-9,0,-9,-9
2,926,2,6,13,1,0,1,1,0,1,1,1,1,0,-9,0,-9,0,-9,-9
2,728,1,8,15,1,0,1,1,1,1,1,1,1,1,-9,0,-9,-9,-9,-9
2,874,1,6,12,1,1,1,1,1,0,1,1,1,0,0,-9,-9,0,0,0
2,566,2,7,13,1,1,1,1,1,1,1,0,1,-9,1,0,-9,-9,0,-9
2,823,1,7,13,1,1,1,1,1,1,1,0,1,1,1,-9,1,0,0,-9
2,100,1,8,14,1,0,1,1,0,1,0,0,1,-9,-9,-9,-9,0,-9,-9
2,175,1,8,14,1,1,1,1,1,1,1,0,1,1,0,0,-9,0,0,-9
2,974,2,8,14,1,1,1,1,1,1,1,1,1,1,1,-9,-9,-9,0,-9
2,395,2,7,13,1,1,1,1,0,1,1,1,1,0,0,0,-9,-9,0,-9
2,357,2,8,14,1,1,1,1,0,1,1,0,1,1,0,0,-9,-9,0,-9
2,223,2,7,13,-9,0,0,1,-9,-9,-9,1,1,-9,-9,-9,-9,-9,-9,-9
2,364,2,7,13,1,1,1,1,1,1,1,1,1,-9,1,-9,-9,-9,-9,-9
2,381,1,7,13,1,1,1,1,1,1,-9,1,1,0,-9,0,0,0,0,0
2,565,1,7,13,1,1,1,1,-9,1,1,0,1,0,-9,-9,0,-9,-9,-9
2,942,1,6,13,1,1,1,1,1,-9,1,1,1,1,1,1,0,0,0,0
2,306,2,8,14,1,1,1,1,1,1,1,1,1,0,1,-9,-9,0,0,-9
2,379,1,7,14,1,1,1,1,0,1,1,0,1,0,1,1,-9,-9,-9,-9
2,291,2,7,13,1,1,1,1,-9,1,1,-9,1,-9,-9,-9,-9,-9,-9,-9
2,564,2,7,14,-9,-9,1,1,0,1,1,1,1,-9,1,-9,-9,1,-9,-9
2,570,1,7,14,1,1,1,1,1,1,1,0,1,1,1,0,1,0,1,0
2,164,1,8,15,1,1,0,1,1,1,1,0,1,1,-9,0,-9,-9,0,-9
2,645,1,8,15,1,1,1,1,1,1,1,0,1,1,1,0,-9,-9,-9,-9
2,644,2,8,14,1,1,1,1,1,1,1,0,1,1,1,0,1,-9,-9,-9
2,504,1,7,13,1,1,1,1,1,0,1,1,1,1,0,0,-9,-9,-9,-9
2,511,2,7,14,1,1,1,1,1,1,1,0,1,0,1,0,-9,-9,-9,-9
2,965,2,8,15,1,1,1,1,1,1,1,1,1,-9,-9,0,0,-9,-9,-9
2,563,2,7,13,1,1,1,1,1,1,1,0,1,0,-9,-9,-9,-9,-9,-9
2,778,2,7,13,1,1,1,1,1,1,1,0,1,-9,0,-9,-9,0,0,-9
2,63,1,8,14,1,1,1,1,1,1,-9,1,1,1,1,-9,0,-9,-9,-9
2,288,2,7,14,1,0,1,1,-9,0,1,0,1,1,-9,-9,-9,-9,-9,-9
2,726,2,8,14,1,1,1,1,0,1,1,1,1,1,-9,-9,0,-9,-9,-9
2,681,2,7,13,1,1,0,1,-9,1,1,1,1,-9,1,0,-9,-9,-9,-9
2,701,2,6,12,1,0,1,1,0,1,1,1,1,0,-9,0,-9,-9,-9,-9
2,749,2,6,12,1,1,1,1,1,1,1,1,1,1,1,0,0,-9,-9,-9
2,10,1,7,13,1,1,1,1,0,1,-9,1,1,1,0,0,0,-9,-9,-9
2,31,2,7,13,1,1,1,1,-9,1,-9,0,1,-9,-9,0,-9,-9,-9,-9
2,89,2,7,13,1,1,1,1,1,0,1,1,1,0,0,0,-9,-9,-9,-9
2,327,2,7,13,1,1,1,1,1,1,1,0,1,0,-9,-9,-9,-9,-9,-9
2,369,1,7,13,1,1,1,1,0,1,1,0,1,-9,0,0,-9,-9,-9,-9
2,921,1,6,13,1,1,1,1,0,1,1,1,1,0,-9,0,0,0,-9,-9
2,98,1,8,14,-9,1,1,1,-9,1,1,1,1,-9,1,0,-9,-9,-9,-9
2,535,2,8,14,1,1,1,1,-9,1,1,0,1,1,-9,0,-9,-9,-9,-9
2,630,2,7,14,1,1,1,1,1,1,1,1,1,-9,0,0,-9,-9,-9,-9
2,835,1,7,14,1,1,1,1,1,1,1,1,1,0,1,0,-9,1,-9,-9
2,1019,2,8,14,1,1,1,1,1,1,1,1,1,0,-9,0,-9,1,-9,-9
2,305,1,8,14,1,1,1,1,1,1,1,0,1,1,0,0,-9,0,-9,-9
2,467,1,8,14,1,-9,1,1,-9,-9,0,1,1,1,1,0,-9,0,-9,-9
2,421,1,8,14,1,1,1,1,-9,1,-9,0,1,-9,0,0,-9,0,0,-9
2,952,1,6,12,1,1,1,1,0,1,1,0,1,0,1,0,-9,1,1,-9
2,981,2,8,15,1,1,1,1,-9,1,1,1,1,1,1,-9,1,0,0,-9
2,221,1,7,13,1,1,1,1,-9,1,1,1,1,1,1,0,-9,-9,-9,-9
2,326,2,7,13,1,0,1,1,0,0,1,1,1,-9,0,-9,-9,-9,0,-9
2,41,2,7,14,1,1,1,1,1,1,1,0,1,0,-9,-9,-9,-9,-9,-9
2,1020,2,8,14,1,0,1,1,1,1,1,1,1,0,-9,-9,-9,0,-9,-9
2,1110,2,7,14,1,1,1,1,0,1,1,0,1,1,1,0,-9,-9,-9,-9
2,243,2,7,13,-9,-9,1,1,-9,1,0,1,1,-9,0,0,-9,-9,-9,-9
2,67,1,8,14,1,1,1,1,1,1,1,1,1,1,-9,-9,-9,-9,-9,-9
2,6,2,8,-9,0,0,1,1,0,1,0,1,1,0,-9,-9,-9,-9,-9,0
2,717,1,6,12,1,1,1,1,1,1,-9,1,1,-9,-9,-9,-9,-9,-9,-9
2,487,2,8,14,1,1,1,1,0,1,1,0,1,1,1,0,-9,-9,-9,-9
2,843,1,8,15,1,0,1,1,1,1,1,0,1,0,1,-9,-9,-9,-9,-9
2,148,2,7,13,0,0,1,1,0,1,1,1,1,-9,-9,-9,-9,-9,-9,-9
2,500,2,7,13,1,1,1,1,1,1,1,0,1,0,1,0,-9,-9,-9,-9
2,506,2,7,13,1,1,1,1,0,0,1,1,1,0,1,0,-9,-9,-9,-9
2,571,1,7,13,1,1,0,1,0,1,1,1,1,0,0,0,-9,-9,-9,-9
2,670,1,7,14,1,1,1,1,1,1,1,1,1,0,1,0,-9,-9,-9,-9
2,976,2,8,15,1,1,1,1,1,1,1,0,1,0,1,0,-9,0,-9,-9
2,697,2,6,12,1,1,1,1,1,1,1,1,1,0,1,-9,-9,-9,-9,-9
2,303,2,8,13,1,1,1,1,0,0,1,1,1,1,0,0,0,1,0,0
2,893,2,6,12,1,-9,1,1,-9,0,1,1,1,-9,0,0,-9,-9,-9,-9
2,269,1,6,13,1,0,1,1,-9,-9,-9,-9,1,-9,-9,-9,-9,-9,-9,0
2,394,2,7,13,1,1,1,1,0,1,-9,0,1,1,0,-9,-9,-9,-9,0
2,411,2,8,14,1,1,1,1,1,0,1,0,1,-9,-9,0,0,0,-9,-9
2,787,2,7,14,1,1,1,1,1,0,1,1,1,0,1,-9,-9,-9,-9,-9
2,977,2,8,14,1,1,1,1,1,1,1,1,1,0,1,-9,-9,-9,-9,-9
2,523,1,8,15,1,1,1,1,0,1,1,1,1,1,0,0,0,0,0,0
2,700,2,6,12,1,1,1,1,0,1,-9,1,1,-9,-9,-9,-9,-9,-9,-9
2,594,1,6,12,1,1,1,1,0,1,1,0,1,0,1,0,-9,-9,-9,-9
2,580,2,7,13,1,1,1,1,0,0,1,0,1,-9,-9,0,-9,-9,-9,-9
2,316,1,8,14,1,1,1,1,1,1,1,1,1,1,-9,0,0,0,-9,-9
2,492,1,8,15,-9,-9,1,1,-9,1,1,0,1,1,-9,0,-9,-9,-9,-9
2,909,1,6,13,1,1,1,1,1,1,1,1,1,0,-9,0,-9,-9,-9,-9
2,52,1,8,14,1,1,1,1,1,1,1,1,1,-9,0,-9,-9,-9,-9,-9
2,1013,1,8,14,1,1,1,1,1,1,1,1,1,1,1,1,1,1,-9,-9
2,497,1,8,15,1,1,1,1,-9,-9,1,1,1,0,0,0,-9,-9,-9,-9
2,190,1,6,12,1,1,1,1,1,1,1,0,1,1,1,-9,-9,1,0,-9
2,707,2,6,12,1,1,1,1,1,1,1,1,1,-9,-9,0,-9,0,-9,-9
2,966,2,8,14,1,1,1,1,1,1,1,0,1,-9,0,1,1,-9,0,-9
2,309,2,8,14,1,1,1,1,1,1,1,1,1,-9,-9,0,-9,-9,-9,-9
2,853,1,8,14,1,1,1,1,-9,1,1,0,1,-9,1,0,-9,-9,-9,-9
2,322,1,7,13,1,1,1,1,1,1,1,1,1,0,-9,-9,-9,0,0,-9
2,666,1,7,14,1,1,1,1,1,1,1,1,1,1,1,0,1,0,-9,-9
2,250,2,7,13,1,0,1,1,0,1,1,0,1,-9,-9,-9,-9,-9,-9,-9
2,620,1,7,13,1,1,1,1,1,1,1,-9,1,1,1,0,0,0,-9,0
2,808,2,6,13,1,0,1,1,-9,1,0,1,1,-9,0,0,-9,-9,-9,-9
2,424,1,6,13,1,1,1,1,1,1,1,0,1,1,1,0,0,-9,-9,-9
2,883,2,6,13,1,1,1,1,0,1,1,0,1,0,-9,0,-9,-9,-9,0
2,141,1,7,14,1,1,1,1,1,1,-9,-9,1,-9,-9,0,-9,-9,-9,-9
2,142,2,7,14,1,1,1,1,-9,1,1,0,1,0,-9,0,-9,-9,-9,-9
2,256,1,8,15,1,1,1,1,1,1,1,1,1,1,1,0,-9,0,0,-9
2,295,1,7,13,1,1,0,1,-9,0,1,0,1,0,0,-9,-9,-9,-9,-9
2,1009,1,8,15,0,-9,1,0,-9,-9,-9,-9,1,-9,-9,0,-9,-9,-9,-9
2,766,2,6,13,1,0,1,1,0,1,-9,0,1,-9,1,-9,-9,-9,-9,-9
2,227,2,7,12,1,1,1,1,1,1,1,1,1,1,1,-9,-9,-9,-9,-9
2,192,1,7,13,1,1,1,1,0,-9,-9,1,1,-9,-9,-9,-9,-9,-9,-9
2,82,1,7,14,1,1,1,1,1,1,1,1,1,0,1,-9,-9,-9,-9,-9
2,812,2,6,12,1,1,1,1,0,1,1,1,1,-9,0,0,-9,0,-9,-9
2,165,1,8,14,1,1,1,1,1,1,1,1,1,0,0,0,-9,0,-9,-9
2,538,2,8,15,1,0,1,1,-9,1,1,1,1,-9,-9,-9,-9,-9,-9,-9
2,259,1,8,14,1,1,1,1,1,0,-9,1,1,0,-9,0,-9,1,-9,-9
2,772,2,7,14,1,0,1,1,-9,1,0,0,1,-9,-9,-9,-9,-9,-9,-9
2,150,2,7,16,1,-9,1,1,-9,1,0,-9,1,1,-9,0,-9,0,-9,-9
2,591,1,6,12,1,1,1,1,-9,1,1,1,1,0,1,0,0,1,0,0
2,616,2,7,13,0,0,1,1,0,1,1,0,1,-9,0,0,0,-9,-9,-9
2,490,1,8,16,1,1,1,1,0,1,1,1,1,1,0,-9,-9,-9,-9,-9
2,583,2,7,-9,1,1,1,1,1,1,1,1,1,-9,-9,0,-9,-9,-9,-9
2,602,2,6,12,1,1,1,1,-9,1,1,1,1,0,0,0,-9,0,-9,-9
2,872,2,6,12,1,1,1,1,0,1,1,0,1,1,-9,0,-9,-9,-9,-9
2,936,1,6,12,1,1,1,1,1,-9,-9,0,1,-9,-9,0,-9,-9,-9,-9
2,945,1,6,12,1,1,1,1,-9,1,1,1,1,0,1,0,0,-9,-9,-9
2,84,2,7,13,1,1,1,1,1,1,1,1,1,-9,1,-9,-9,-9,-9,-9
2,186,2,6,13,1,1,1,1,1,1,1,1,1,1,1,-9,1,-9,-9,-9
2,582,2,7,13,1,1,1,1,1,1,1,0,1,0,0,0,-9,-9,-9,-9
2,353,2,8,14,1,1,1,1,0,1,1,0,1,0,0,0,0,0,-9,-9
2,716,2,6,12,1,1,1,1,1,1,1,0,1,1,-9,-9,-9,1,-9,0
2,790,2,7,13,1,1,1,1,1,1,1,0,1,0,1,-9,-9,-9,1,0
2,64,1,8,14,1,1,1,1,1,1,1,1,1,1,0,-9,-9,0,0,0
2,270,1,6,13,1,1,1,1,1,-9,-9,1,1,-9,0,0,-9,-9,0,-9
2,804,2,6,13,1,1,1,1,1,1,1,1,1,-9,1,-9,-9,-9,0,-9
2,665,1,7,14,1,1,1,1,1,1,1,1,1,0,-9,0,-9,0,-9,-9
2,671,1,7,14,1,1,1,1,1,1,1,1,1,-9,0,1,1,1,-9,-9
2,442,1,6,12,1,1,1,1,1,1,1,1,1,0,-9,-9,-9,-9,-9,-9
2,588,2,6,12,1,1,1,1,0,1,1,1,1,0,-9,-9,-9,-9,-9,-9
2,923,2,6,12,1,1,1,1,1,1,1,1,1,-9,-9,-9,-9,-9,0,0
2,914,1,6,13,1,-9,1,1,-9,1,1,1,1,1,0,-9,-9,-9,-9,0
2,62,1,8,15,1,1,1,1,1,1,1,0,1,1,0,-9,0,-9,0,-9
2,268,1,6,13,1,1,1,1,1,1,1,0,1,0,-9,-9,-9,-9,-9,-9
2,810,2,6,13,1,1,1,1,0,1,1,0,1,-9,-9,0,-9,0,-9,-9
2,943,1,6,13,1,1,1,1,1,1,1,1,1,1,1,0,1,0,1,0
2,967,2,8,15,1,1,1,1,1,1,1,1,1,1,0,1,-9,-9,-9,-9
2,431,2,6,12,1,-9,1,1,1,1,1,0,1,0,-9,-9,-9,-9,-9,0
2,80,1,7,13,1,1,1,1,1,1,1,1,1,0,1,-9,-9,-9,-9,-9
2,232,1,6,12,1,0,0,0,0,1,0,1,1,-9,-9,0,-9,-9,-9,-9
2,144,2,7,13,1,0,1,1,0,1,1,1,1,-9,0,-9,-9,-9,0,-9
2,182,1,6,13,1,0,1,0,-9,0,-9,1,1,0,0,0,-9,0,0,-9
2,238,2,7,13,1,0,1,1,0,1,1,1,1,-9,-9,-9,-9,-9,-9,-9
2,478,1,8,14,1,1,1,1,1,1,1,0,1,1,0,0,1,0,1,1
2,918,1,6,13,1,0,1,1,1,1,1,0,1,0,0,0,0,-9,0,0
2,479,1,8,15,1,0,1,1,0,1,1,0,1,-9,-9,1,-9,-9,0,-9
2,572,1,7,13,1,1,1,1,1,1,1,1,1,-9,1,0,1,1,1,-9
2,398,1,7,14,1,1,1,1,1,1,0,1,1,-9,-9,0,-9,-9,-9,-9
2,468,1,8,14,1,1,1,1,0,1,-9,1,1,1,0,0,-9,-9,-9,-9
2,846,1,8,15,1,1,1,1,1,1,1,0,1,1,-9,0,-9,0,0,-9
2,257,1,8,14,1,1,1,1,1,1,-9,1,1,-9,1,0,-9,0,0,-9
2,956,1,6,14,1,-9,1,1,0,1,1,0,1,0,1,0,-9,0,0,0
2,157,1,8,15,1,1,1,1,1,1,1,1,1,1,1,-9,1,1,0,-9
2,687,1,7,13,1,1,1,1,1,1,-9,1,1,1,1,0,-9,1,-9,-9
2,715,2,6,12,1,1,1,1,1,1,1,1,1,-9,1,-9,-9,-9,-9,-9
2,448,2,6,13,1,1,1,1,1,1,1,1,1,-9,-9,-9,-9,-9,-9,-9
2,850,1,8,14,1,1,1,1,1,1,1,0,1,-9,-9,0,-9,-9,-9,-9
2,121,1,8,15,1,1,1,1,0,1,-9,1,1,1,-9,-9,-9,-9,-9,-9
2,117,1,8,14,1,1,1,1,1,1,-9,1,1,1,-9,-9,-9,-9,-9,-9
2,514,2,7,13,1,0,1,1,-9,1,0,1,1,-9,-9,-9,-9,-9,-9,-9
2,763,1,6,13,1,1,1,1,1,1,1,1,1,0,-9,0,0,-9,0,0
2,1,1,8,15,1,1,1,1,0,1,1,1,0,0,0,0,-9,0,0,-9
2,267,1,6,12,1,0,1,1,1,1,1,1,0,0,0,0,-9,0,-9,-9
2,282,2,6,12,1,1,1,1,-9,1,1,1,0,-9,-9,0,-9,-9,-9,-9
2,880,2,6,12,1,1,1,1,0,1,1,0,0,0,0,0,0,0,0,0
2,23,1,7,13,1,1,1,1,1,1,1,1,0,-9,0,-9,-9,1,0,-9
2,428,1,6,13,1,1,1,1,1,1,1,1,0,-9,-9,0,-9,0,-9,0
2,450,2,6,13,1,1,1,1,-9,1,1,0,0,-9,-9,0,-9,-9,-9,-9
2,604,1,6,13,1,0,1,1,0,1,0,1,0,1,0,0,-9,0,-9,-9
2,693,2,7,13,1,1,1,1,-9,0,-9,0,0,-9,-9,-9,-9,-9,-9,-9
2,696,2,6,13,1,1,1,1,1,1,0,0,0,0,0,0,-9,-9,-9,0
2,822,1,7,13,1,1,1,1,1,1,1,0,0,0,1,1,1,1,-9,-9
2,1102,1,7,13,1,1,1,1,1,1,1,1,0,0,-9,-9,-9,-9,-9,-9
2,152,2,7,14,1,1,1,1,-9,1,1,-9,0,-9,-9,0,0,-9,-9,-9
2,312,1,8,14,1,1,1,1,1,1,1,0,0,0,-9,0,-9,0,0,-9
2,342,1,8,14,1,1,1,1,0,1,0,0,0,1,0,0,0,0,0,0
2,513,2,7,14,1,1,1,1,0,1,1,0,0,0,-9,-9,-9,-9,-9,-9
2,530,2,8,14,1,1,1,1,0,1,1,0,0,-9,-9,0,-9,-9,-9,-9
2,585,2,7,14,1,1,1,1,1,1,1,1,0,0,0,0,0,0,0,0
2,610,1,7,14,0,0,1,1,0,0,1,1,0,1,0,0,-9,0,0,-9
2,640,1,8,14,1,1,1,1,0,1,0,0,0,0,0,0,1,0,0,-9
2,739,1,8,14,1,1,1,1,1,1,1,0,0,-9,1,0,-9,-9,-9,-9
2,746,2,8,14,1,1,1,1,1,1,1,1,0,1,1,0,-9,0,-9,-9
2,774,2,7,14,1,0,1,1,1,1,1,0,0,-9,-9,0,-9,-9,-9,-9
2,781,2,7,14,1,1,1,1,1,1,1,1,0,-9,-9,-9,-9,-9,-9,-9
2,831,1,7,14,1,1,1,1,1,1,1,0,0,1,0,1,1,1,0,1
2,131,1,7,15,1,1,1,1,0,1,0,0,0,1,1,0,0,0,-9,-9
2,529,2,8,15,1,1,1,1,0,0,1,0,0,-9,-9,0,-9,-9,-9,-9
2,968,2,8,15,1,1,1,1,1,1,-9,0,0,-9,1,-9,-9,-9,-9,-9
2,385,2,7,13,1,1,1,1,-9,1,1,1,0,0,0,-9,-9,-9,-9,-9
2,927,2,6,13,1,0,1,1,0,1,1,1,0,0,0,-9,0,0,-9,-9
2,775,2,7,14,1,1,1,1,1,1,1,1,0,1,1,1,-9,-9,-9,-9
2,800,2,6,13,1,1,1,1,0,1,1,1,0,0,0,0,0,0,0,0
2,826,1,7,14,1,1,1,-9,-9,1,1,0,0,0,0,-9,-9,-9,-9,-9
2,785,2,7,14,1,1,1,1,0,1,1,0,0,-9,1,-9,-9,-9,-9,-9
2,760,2,6,13,0,0,1,1,0,0,1,1,0,1,0,0,0,0,1,0
2,402,1,7,15,1,0,1,0,1,1,0,1,0,0,0,-9,0,0,0,-9
2,916,1,6,13,1,1,1,1,0,1,1,1,0,-9,0,-9,-9,0,0,0
2,703,2,6,13,1,1,1,1,1,1,1,1,0,1,-9,-9,-9,-9,-9,-9
2,951,1,6,13,1,0,1,1,1,1,1,1,0,0,1,0,-9,-9,-9,-9
2,104,1,8,14,1,1,1,1,1,1,1,1,0,1,0,0,1,-9,-9,-9
2,540,1,8,15,1,1,1,1,-9,1,1,0,0,-9,-9,0,0,-9,-9,-9
2,9,1,7,16,-9,-9,1,1,0,0,-9,0,0,-9,-9,-9,-9,-9,-9,-9
2,578,2,7,13,1,1,1,1,0,1,1,1,0,-9,-9,0,-9,0,0,-9
2,970,2,8,15,1,1,1,1,0,0,1,0,0,1,0,-9,-9,-9,-9,-9
2,706,2,6,13,1,1,1,1,1,0,0,0,0,-9,-9,0,-9,-9,-9,-9
2,825,1,7,14,1,1,1,1,1,1,1,0,0,0,0,-9,-9,-9,-9,-9
2,253,1,8,15,1,1,1,1,0,1,0,1,0,1,1,0,-9,0,0,-9
2,940,1,6,12,1,1,1,1,1,1,1,1,0,0,1,0,1,1,0,0
2,906,2,6,13,1,1,1,1,-9,1,1,0,0,0,0,0,-9,-9,-9,-9
2,761,2,6,12,1,1,1,1,1,1,1,1,0,0,0,0,-9,-9,-9,-9
2,108,2,8,14,0,0,1,1,0,1,1,1,0,-9,0,0,-9,-9,-9,-9
2,622,1,7,14,1,0,1,1,1,-9,1,1,0,-9,-9,0,0,-9,-9,0
2,741,2,8,15,1,0,1,1,1,1,1,0,0,0,-9,0,-9,-9,-9,-9
2,44,2,7,13,1,1,1,1,0,1,1,0,0,0,0,0,-9,0,0,-9
2,864,1,8,15,1,1,1,1,0,1,1,0,0,0,0,0,-9,-9,-9,-9
2,367,2,7,13,1,-9,1,1,1,1,0,1,0,1,-9,-9,-9,-9,-9,-9
2,798,2,6,12,1,1,1,1,1,1,0,1,0,-9,1,-9,-9,-9,-9,-9
2,74,1,7,13,1,1,1,1,0,1,1,0,0,1,1,0,-9,0,0,-9
2,173,1,8,15,1,1,1,1,0,0,-9,0,0,0,-9,-9,-9,-9,-9,-9
2,248,2,7,13,1,0,1,1,0,1,1,0,0,1,0,-9,-9,-9,-9,-9
2,119,2,8,15,1,1,1,1,-9,1,1,1,0,-9,-9,1,-9,-9,-9,-9
2,341,1,8,15,1,1,1,1,0,1,1,0,0,1,0,0,-9,0,-9,-9
2,136,1,7,13,1,-9,1,1,1,1,1,1,0,-9,-9,-9,-9,0,-9,-9
2,366,2,7,13,1,0,1,1,0,1,1,0,0,1,-9,-9,-9,-9,-9,-9
2,833,1,7,13,1,1,1,1,1,1,0,1,0,1,1,-9,-9,-9,0,-9
2,139,1,7,13,1,1,1,1,-9,0,1,1,0,-9,0,-9,-9,0,-9,0
2,371,1,7,13,1,1,0,1,1,1,1,1,0,0,1,0,-9,0,-9,-9
2,647,1,8,15,1,1,1,1,1,1,1,1,0,1,1,-9,-9,-9,0,-9
2,388,1,7,13,1,1,1,1,1,1,1,0,0,0,1,0,0,0,-9,-9
2,361,2,8,14,1,1,1,1,-9,1,1,-9,0,-9,-9,-9,-9,-9,-9,-9
2,502,2,7,13,1,0,1,1,0,-9,1,1,0,-9,0,0,-9,-9,-9,-9
2,389,1,7,14,1,1,1,1,0,1,1,1,0,1,1,-9,-9,0,0,0
2,541,1,8,15,1,1,1,1,1,1,1,1,0,0,0,0,-9,0,1,-9
2,754,2,6,12,1,0,1,1,-9,0,1,1,0,-9,-9,-9,-9,-9,-9,-9
2,753,2,6,12,1,0,1,1,0,0,-9,0,0,0,-9,-9,-9,-9,-9,-9
2,35,1,7,13,1,1,1,1,1,0,1,1,0,0,-9,0,-9,0,-9,-9
2,464,2,8,14,1,1,1,1,0,0,-9,1,0,-9,1,0,-9,0,-9,-9
2,32,1,7,13,1,1,1,1,-9,1,1,0,-9,-9,-9,0,-9,0,-9,-9
2,33,1,7,13,1,0,1,1,1,1,1,1,-9,0,0,0,-9,-9,-9,-9
2,40,2,7,13,1,1,1,1,-9,1,-9,1,-9,-9,-9,0,-9,-9,-9,-9
2,78,1,7,13,0,1,1,1,1,1,1,0,-9,0,-9,0,-9,0,0,0
2,426,1,6,13,1,0,1,1,-9,-9,-9,1,-9,-9,-9,0,-9,0,-9,-9
2,770,2,7,13,1,1,1,1,1,0,0,0,-9,0,0,0,-9,0,-9,0
2,814,2,6,13,1,1,1,1,0,1,1,1,-9,-9,0,-9,-9,-9,-9,-9
2,1106,2,7,13,-9,-9,1,1,-9,1,1,1,-9,-9,-9,-9,-9,-9,-9,-9
2,7,2,7,14,1,1,1,1,-9,1,1,0,-9,1,-9,0,-9,1,-9,-9
2,85,1,7,14,1,0,1,1,0,-9,1,1,-9,0,0,0,-9,0,-9,0
2,106,2,8,14,1,0,1,1,-9,1,1,-9,-9,-9,-9,0,-9,-9,-9,-9
2,336,2,7,14,1,1,1,1,-9,1,1,1,-9,1,1,-9,-9,-9,-9,-9
2,354,2,8,14,-9,1,1,1,-9,1,-9,0,-9,-9,-9,-9,-9,-9,-9,-9
2,386,2,7,14,0,1,1,1,0,-9,1,1,-9,-9,1,-9,-9,-9,-9,-9
2,413,2,8,14,1,1,1,1,-9,1,-9,0,-9,-9,-9,-9,-9,-9,-9,-9
2,989,1,6,12,1,0,1,1,1,1,1,0,-9,1,-9,0,-9,1,-9,-9
2,331,2,7,13,1,1,1,1,-9,1,1,0,-9,-9,0,-9,-9,-9,-9,-9
2,1011,1,8,14,1,-9,1,1,-9,1,-9,1,-9,-9,-9,-9,-9,-9,-9,0
2,1024,2,8,15,1,1,1,1,-9,0,1,0,-9,-9,-9,-9,-9,-9,-9,-9
2,76,1,7,13,1,1,1,1,1,1,1,0,-9,0,1,0,-9,-9,0,0
2,317,1,8,14,1,1,1,1,1,1,1,0,-9,-9,-9,-9,-9,-9,-9,-9
2,433,2,6,13,1,1,1,1,-9,1,1,1,-9,0,-9,-9,-9,0,-9,-9
2,731,2,8,14,1,1,1,1,1,1,1,-9,-9,-9,-9,-9,-9,-9,-9,-9
2,508,2,7,13,1,1,1,1,0,1,1,1,-9,-9,-9,-9,-9,-9,-9,-9
2,623,1,7,16,-9,1,1,1,-9,0,1,1,-9,-9,-9,0,-9,-9,-9,-9
2,659,1,8,15,1,1,1,1,0,1,1,0,-9,1,0,-9,-9,0,0,0
2,988,1,6,13,1,1,0,1,1,1,1,0,-9,-9,-9,0,-9,1,0,-9
2,200,1,7,14,1,1,1,1,1,0,-9,0,-9,1,-9,0,-9,-9,-9,-9
2,695,2,6,13,1,1,1,1,0,-9,1,-9,-9,-9,-9,-9,-9,-9,-9,-9
2,584,2,7,13,1,1,1,1,1,1,-9,-9,-9,0,0,-9,0,-9,-9,-9
2,352,2,8,14,1,1,1,1,-9,1,1,0,-9,-9,1,-9,-9,-9,-9,-9
2,650,2,8,14,1,1,1,1,-9,1,1,1,-9,1,-9,0,-9,-9,-9,-9
2,273,1,6,12,1,1,1,1,1,0,1,1,-9,-9,-9,0,-9,-9,-9,-9
2,92,1,7,13,1,1,1,1,1,1,1,0,-9,0,-9,-9,-9,-9,-9,-9
2,347,1,8,15,1,1,1,1,-9,1,1,1,-9,0,0,0,0,-9,-9,0
2,474,2,8,14,1,-9,1,1,-9,-9,1,1,-9,-9,-9,-9,-9,0,-9,-9
2,1116,1,7,14,1,0,1,1,0,1,-9,0,-9,-9,-9,-9,-9,-9,-9,-9
2,219,2,7,13,1,1,1,1,-9,0,1,1,-9,0,-9,-9,-9,-9,-9,-9
2,709,2,6,13,1,1,1,1,1,1,1,-9,-9,-9,-9,-9,-9,-9,-9,-9
2,195,2,7,14,-9,-9,1,1,-9,1,-9,0,-9,-9,-9,-9,-9,-9,-9,-9
2,994,2,6,12,1,1,1,1,1,1,1,1,-9,-9,-9,0,1,1,0,0
2,747,2,8,14,1,1,1,1,-9,1,-9,0,-9,-9,-9,-9,-9,-9,-9,-9
2,477,1,8,15,1,1,1,1,-9,1,1,0,-9,1,-9,0,-9,-9,-9,-9
2,93,1,7,16,1,0,1,1,-9,-9,-9,0,-9,-9,-9,-9,-9,-9,-9,-9
2,710,2,6,12,1,1,1,1,1,1,1,0,-9,-9,-9,-9,-9,-9,-9,-9
2,990,1,6,13,1,1,1,1,-9,1,1,1,-9,0,-9,-9,-9,0,0,-9
2,802,2,6,13,1,1,1,1,-9,1,0,1,-9,0,1,-9,-9,-9,-9,-9
2,101,1,8,14,-9,1,1,1,0,1,1,1,-9,-9,-9,0,-9,-9,-9,-9
2,12,2,7,13,1,1,1,1,0,-9,1,1,-9,1,-9,-9,-9,0,-9,-9
2,145,2,7,13,1,0,1,1,-9,1,1,0,-9,-9,-9,0,-9,0,-9,-9
2,99,2,8,15,1,1,1,1,-9,1,1,0,-9,-9,-9,-9,-9,-9,-9,-9
2,755,1,6,12,1,0,1,1,-9,0,-9,0,-9,-9,-9,-9,-9,-9,-9,-9
2,180,2,6,13,1,1,1,1,-9,0,-9,0,-9,0,-9,0,-9,-9,-9,-9
2,465,1,8,14,1,1,1,1,-9,1,1,-9,-9,-9,-9,-9,-9,-9,-9,-9
2,34,1,7,13,1,1,1,1,1,1,-9,1,-9,0,-9,0,-9,0,-9,-9
2,244,1,7,13,1,1,1,1,-9,1,1,1,-9,0,-9,0,-9,-9,-9,-9
2,299,2,7,13,1,1,1,1,1,1,1,1,-9,-9,-9,-9,-9,-9,-9,-9
2,189,2,6,12,1,1,1,1,1,1,1,1,-9,-9,-9,-9,-9,-9,-9,-9
2,289,2,7,13,1,1,1,1,1,1,1,1,-9,-9,-9,-9,-9,-9,-9,-9
2,1016,2,8,15,1,1,1,1,0,1,0,-9,-9,-9,-9,-9,-9,-9,-9,-9
2,518,2,7,13,1,0,1,1,1,1,1,1,-9,0,-9,-9,-9,-9,-9,-9
2,1000,2,6,12,1,1,1,1,-9,1,1,1,-9,1,0,0,-9,0,-9,-9
2,392,2,7,13,1,-9,1,1,-9,-9,1,-9,-9,1,-9,-9,-9,-9,-9,-9
2,374,2,7,13,1,1,1,1,1,1,0,0,-9,0,-9,0,-9,-9,-9,-9
2,151,2,7,14,1,-9,1,1,-9,1,-9,1,-9,-9,-9,0,-9,-9,-9,-9
2,776,2,7,14,1,0,1,1,0,0,0,1,-9,0,0,-9,-9,-9,-9,-9
2,1018,2,8,14,1,-9,1,1,-9,0,-9,-9,-9,-9,-9,-9,-9,-9,-9,-9
2,298,1,7,13,1,1,1,1,1,-9,0,1,-9,-9,0,-9,-9,-9,-9,-9
2,132,1,7,14,0,1,1,1,-9,1,1,0,-9,-9,-9,-9,-9,-9,-9,-9
2,764,1,6,13,1,0,1,1,0,1,1,0,-9,0,0,-9,0,-9,-9,-9
2,271,1,6,13,0,0,1,1,0,1,0,1,-9,-9,1,0,0,0,-9,-9
2,1010,1,8,15,1,1,1,1,0,1,-9,-9,-9,-9,-9,-9,-9,-9,-9,0
2,1003,2,6,13,1,1,1,1,0,1,1,0,-9,-9,-9,0,-9,-9,-9,-9
2,133,1,7,13,0,1,1,1,-9,1,-9,0,-9,-9,-9,0,-9,-9,-9,-9
2,127,2,7,13,1,-9,1,1,-9,1,1,1,-9,-9,0,0,-9,-9,-9,-9
2,225,2,7,13,-9,-9,1,1,-9,-9,1,1,-9,-9,-9,-9,-9,-9,-9,-9