Journal_ID,Cite13,Cite3,Authors,Pages,Refs,Variety,Balance,Disparity
5200,131,18,3,5,11,0.942393891,-0.237681852,0.898666375
5200,121,19,11,5,37,1.395228303,-1.343112091,0.347678821
5200,33,5,2,9,43,-0.118017616,-0.81578635,-1.167241013
5200,57,20,3,10,42,-0.039671648,-0.715007958,-1.139218273
5200,112,14,5,13,46,0.335787382,-0.839512286,-0.888184381
5200,99,20,7,9,54,1.427803393,-1.545036377,-0.002819692
5200,63,10,6,9,33,1.711830007,-1.681057212,0.352914589
5200,34,11,4,6,39,0.413518607,-1.444228175,0.113167515
5200,86,14,2,7,23,-0.045655747,-0.710939012,-0.009066776
5200,50,7,8,12,46,0.262077706,-0.420962245,-0.958022099
5200,235,44,8,8,21,1.048131443,-0.583540081,0.908303252
5200,193,26,7,14,51,1.366184503,-1.184995448,0.606871475
5200,54,6,5,12,15,-0.395330423,-0.694128794,-0.223077748
5200,82,11,2,14,18,-1.904409506,-0.236038723,-0.362562061
5200,70,11,3,7,38,0.509865813,-1.477079703,0.695472584
5200,69,19,3,12,41,0.040992512,-1.603197773,-0.135148253
5200,55,5,2,8,45,0.798385327,-1.404430462,0.203366462
5200,226,51,9,9,55,0.949904668,-1.787145996,-0.018740908
5200,42,11,2,12,44,0.742849314,-1.513375986,0.439184772
5200,91,14,4,10,46,1.756372011,-2.17347657,0.521656545
5200,156,12,5,7,32,0.186899239,-1.39956081,0.662030637
5200,382,29,4,11,56,1.480853651,-2.06975849,0.604360052
5200,67,21,4,6,30,0.562559385,-0.265857121,0.32674166
5200,105,30,3,9,44,-0.38558435,-1.714603289,-0.718567012
5200,59,20,5,8,41,1.102936592,-1.484460722,0.434332744
5200,70,26,5,9,40,0.243354581,-0.502325739,-1.029542375
5200,9,3,3,14,42,-0.129788721,-1.649254435,0.506336004
5200,157,33,4,8,42,1.935097787,-2.14219925,0.848518964
5200,58,13,6,8,27,-0.045191347,-1.098484628,-0.150331702
5200,72,22,8,11,28,-0.040850432,-0.650779003,-1.241479086
5200,45,7,2,6,21,1.197013116,-0.795137653,1.080855778
5200,105,26,2,9,45,-0.125879327,-2.247826268,0.123673594
5200,86,21,3,9,34,-0.600463358,-0.382898974,-1.892956983
5200,162,26,4,13,18,-0.642081306,0.878417325,-0.022028803
5200,90,29,6,8,45,0.95276259,-1.71310443,0.220390592
5200,66,13,4,14,43,1.046095665,-1.485269412,0.241837101
5200,79,15,3,13,58,-0.40182087,-1.308510961,-0.937171669
5200,167,26,4,11,26,0.209890354,-1.045747279,-0.241782435
5200,160,23,6,9,37,0.786561597,-1.766143413,0.232059973
5200,53,15,2,9,20,-0.79351255,-0.109334796,-1.00570507
5200,103,16,2,9,42,-0.468202391,-0.884283515,-0.763592348
5200,104,34,5,8,30,-0.479764809,-0.828000568,-0.806886121
5200,94,24,2,18,32,-0.235887165,-1.247339006,-0.110161691
5200,12,3,3,13,50,0.38296493,-1.60306597,0.669375013
5200,187,23,3,22,46,0.138003174,-1.669805643,0.393288526
5200,240,49,1,9,42,-0.005157264,-1.576350996,-0.591466007
5200,53,7,5,11,59,0.338284402,-1.734687549,0.69352807
5200,95,19,2,15,59,0.991790266,-1.310545766,0.501097788
5200,106,20,7,9,42,0.587011669,-1.585790784,-0.149498292
5200,110,27,11,11,50,2.256325145,-3.065813959,1.719621311
5200,168,27,6,7,46,1.106162911,-1.690388407,0.282475312
5200,67,14,2,9,36,0.564509464,-1.033428059,0.04710426
5200,38,9,2,10,46,0.202668275,-1.0530511,-0.199093068
5200,59,13,2,16,44,-0.0120732,-1.276579498,0.510444508
5200,52,8,2,12,56,-0.11585392,-1.593418111,0.064790939
5200,66,12,2,8,37,-1.520709334,-0.929237683,-1.464284797
5200,48,9,3,10,41,0.969591829,-1.5437797,0.135997788
5200,23,3,7,9,50,0.598781484,-1.387918781,0.101551902
5200,11,5,2,5,23,-0.636300866,0.204687298,-1.018831673
5200,53,6,2,5,31,1.886773624,-1.551466017,1.237210908
5200,79,11,1,10,19,-0.030030634,-0.883007765,0.436997328
5200,27,3,5,12,39,0.713409828,-1.50195273,0.15929402
5200,122,20,5,9,22,0.095173443,-0.32710476,-0.109614988
5200,110,30,7,7,17,1.09338552,-0.372270636,0.527265006
5200,17,3,4,11,24,-0.588627132,-0.982153265,-0.040507274
5200,12,2,5,11,38,-0.472196419,-1.701843176,-0.456837875
5200,22,4,2,5,7,-0.646089405,0.062418907,-0.152128309
5200,155,24,5,7,26,1.333557848,-1.905435584,1.241648815
5200,59,12,9,9,44,0.749032969,-1.692287691,0.502413254
5200,15,2,3,12,21,-0.3972854,-0.925155807,0.542407212
5200,59,4,6,8,30,0.088079427,-1.342850425,-0.030129397
5200,168,24,5,10,29,-0.437163715,-0.756561172,-0.069551668
5200,127,26,5,6,34,-0.45077373,-1.128855678,-0.138208899
5200,84,11,3,7,43,0.860594337,-0.401584369,-0.410742483
5200,27,4,3,9,20,-0.248037989,-0.997657381,0.803526857
5200,77,10,15,10,60,0.729654209,-2.113345243,0.820572331
5200,72,27,4,8,37,0.963406531,-1.835575123,0.463115358
5200,29,11,3,8,26,-0.170731139,0.19698651,-1.597514334
5200,109,27,6,8,47,0.945387511,-1.351675288,0.314178586
5200,56,19,2,5,29,-1.498481746,0.210464173,-2.013019509
5200,59,15,2,9,14,-0.303115739,-0.861902311,0.518170898
5200,54,13,5,14,61,1.088114053,-2.387637993,0.557914123
5200,45,7,2,9,32,1.144381863,-1.349521926,0.457535558
5200,22,11,2,12,56,-0.570705417,-0.971525668,-0.268716401
5200,23,7,2,8,34,-0.623359759,-1.006144853,-1.483852193
5200,122,29,7,10,44,-0.520132359,-1.540706613,-0.623632343
5200,20,9,4,12,22,-1.18613447,-0.729648106,-0.521390009
5200,68,13,10,12,55,0.795726767,-2.366612397,0.630889077
5200,248,30,2,8,41,0.243144399,-1.18073941,-0.789749158
5200,78,13,4,10,39,-0.623615078,-0.856503845,-0.7449261
5200,120,15,6,7,48,0.857301154,-1.378152422,0.214737716
5200,66,17,8,10,74,-0.06207732,-1.223506231,-0.823105763
5200,58,9,5,7,38,-1.011480752,-1.051762976,-1.511354257
5200,115,14,2,7,31,0.419228674,-0.76849065,0.103173953
5200,69,10,4,10,51,0.092200833,-0.664599635,-1.034567697
5200,28,5,2,10,44,0.558238987,-0.459622133,-0.792719102
5200,46,12,7,8,24,0.39797811,-0.707844268,-0.473379009
5200,70,15,9,8,41,-0.803359387,-0.924099534,-1.301802896
5200,111,28,2,6,26,-0.931406231,-1.153038253,-0.777431654
5200,38,14,5,8,35,1.02140094,-1.416986072,-0.223114967
5200,217,61,2,10,33,0.866805003,-1.620969052,0.906440608
5200,120,37,2,10,51,0.973613791,-1.554751933,0.671109814
5200,47,7,6,8,27,0.378898275,-0.324712643,-1.002041147
5200,39,14,2,9,29,-1.226259851,-1.155067155,-1.137880563
5200,89,16,2,10,36,0.984443507,-2.023905451,0.765520634
5200,21,7,11,10,29,0.668607128,-1.734452357,0.294965231
5200,44,15,4,12,57,2.180353204,-2.584499914,1.219388002
5200,190,27,4,5,27,0.429431213,-1.532445341,1.01442349
5200,24,4,4,12,64,-0.645593761,-1.290567512,-0.264764947
5200,70,12,2,8,26,0.991767853,-1.423457616,1.148855934
5200,23,6,7,15,15,-0.602048661,-1.079610471,-0.20414492
5200,109,9,3,10,20,-1.070241596,-0.365144589,-0.736279772
5200,95,14,6,10,33,0.469418102,-1.013197258,-0.906877691
5200,119,18,11,10,36,0.877103135,-0.966791931,0.03161429
5200,25,8,3,12,61,0.702687169,-0.828106452,-0.195011785
5200,106,26,2,7,32,0.43280369,-0.914284071,0.278166022
5200,45,18,3,9,34,-0.091679135,-1.25541099,-0.098629139
5200,90,21,6,5,32,-1.109892756,-0.840586444,-0.800142755
5200,358,35,6,6,32,0.166837746,-1.354827194,-0.082897405
5200,176,38,19,14,43,0.599292806,-0.871716741,-0.899777913
5200,69,13,5,7,22,-0.018301648,0.198918439,-1.152211742
5200,59,15,4,9,38,0.235839156,-1.596713443,0.220475058
5200,20,6,3,9,16,0.828483653,-0.809620333,1.379373069
5200,33,10,9,16,67,-0.018607712,-2.250364522,-0.167845331
5200,21,4,11,12,35,-0.193366809,-0.872731113,-1.049934199
5200,57,18,6,11,69,0.588938374,-0.921046126,-0.567402887
5200,49,9,6,10,37,-0.477242609,-1.120591016,-0.939401997
5200,79,19,2,12,41,0.486263933,-0.594213064,-0.847806347
5200,45,8,2,9,20,1.720752634,-1.111407959,1.438315043
5200,198,16,2,8,24,1.196803508,-1.084965179,0.692275742
5200,90,19,2,8,30,0.760425954,-1.090142246,-0.352620278
5200,55,17,2,10,39,-0.30758673,-1.469133564,-0.355723363
5200,20,6,11,10,24,-0.276472388,-1.024440167,-0.100953758
5200,77,25,8,11,55,0.645781859,-0.855205793,-0.409802791
5200,29,7,3,11,9,-0.653610171,-0.097034924,-0.111303276
5200,39,8,4,10,52,0.170679892,-1.633612802,0.110096091
5200,48,15,6,9,26,-0.177085635,-0.595819792,-0.170820277
5200,162,32,4,10,60,1.260832992,-2.013931885,0.291409087
5200,117,20,2,8,34,0.498407438,-1.778544318,0.106006413
5200,51,14,7,11,54,0.973391159,-0.871629281,0.135495021
5200,46,6,4,11,18,-0.570603649,0.178272806,-0.22747217
5200,131,11,4,12,42,1.106868658,-1.919427114,0.536980787
5200,105,21,7,6,40,0.272414538,-1.272039565,-0.191409136
5200,98,23,6,9,51,0.572581042,-0.510971593,-0.726433245
5200,79,18,10,4,34,0.788842305,-0.363284236,-0.117552602
5200,48,9,5,11,32,0.961092746,-0.744690856,-0.212565254
5200,43,7,2,15,26,0.345916568,-1.707437081,0.832387998
5200,50,9,5,9,37,0.380716377,-1.516173448,0.606065371
5200,54,10,2,6,33,-0.463327599,-1.101156305,-0.178393981
5200,73,16,6,14,29,1.146440517,-1.197295078,0.462585985
5200,90,25,2,14,31,-1.219780438,-0.91250246,-0.906290692
5200,97,13,1,16,63,-1.024746393,-0.251710272,-1.607249617
5200,22,3,6,8,42,1.109077458,-1.072664975,0.422630269
5200,49,11,4,8,38,1.473326154,-1.81428652,0.780780355
5200,95,18,9,11,40,0.915365394,-1.600560427,0.115444191
5200,232,21,11,5,22,1.673371028,-1.719598824,1.433739565
5200,296,48,5,12,64,0.425118572,-1.153002657,-0.600531996
5200,82,19,8,10,44,0.592386362,-1.393782698,0.081742911
5200,65,26,5,6,30,0.8159024,-1.124101145,0.375972661
5200,34,4,4,8,40,0.774092619,-0.676830578,-0.438481898
5200,89,26,3,10,39,0.144175501,-0.552782131,-0.611974347
5200,32,4,4,13,22,-0.483139186,-1.0928204,-0.364382807
5200,36,14,7,11,32,0.72767833,-1.202038392,0.560473662
5200,10,6,3,10,41,0.290632035,-1.523714675,-0.094048638
5200,148,29,5,7,26,0.301793637,-1.277498406,0.337107769
5200,260,21,2,9,34,0.644748554,-1.561496402,0.803735295
5200,102,15,3,7,7,-2.34358387,0.489492479,-0.627085803
5200,41,12,9,8,52,1.103520566,-1.393436114,-0.024179467
5200,35,8,3,11,38,0.036077431,-0.248551558,-1.138069016
5200,97,25,11,9,36,0.121004046,-0.673744269,-0.805485297
5200,19,4,5,10,42,0.30249983,-1.256518081,-0.463359707
5200,78,19,6,10,20,0.212397592,-0.038739221,-1.183372334
5200,17,2,3,10,34,0.645764299,-1.843249238,0.716641359
5200,86,15,2,11,19,-1.35191744,-0.500254398,-1.398444921
5200,109,32,5,5,18,0.255740163,-0.116983879,-0.032840097
5200,40,9,9,7,33,-0.343757871,-1.056067535,-0.59516134
5200,73,15,6,8,41,0.402288762,-1.497954261,-0.006455448
5200,86,25,2,9,36,0.725194357,-1.428807296,-0.103774446
5200,50,13,5,10,54,0.442412047,-2.057541156,0.24723732
5200,118,35,6,11,26,0.033355283,-0.23616265,-1.317297326
5200,46,7,4,9,40,-0.540564216,-1.203582059,-0.191494549
5200,87,25,4,10,38,-0.275369238,-0.935186036,-1.247000815
5200,215,49,4,18,41,0.286049931,-0.987330049,-0.343810948
5200,15,3,6,11,34,0.882434779,-1.873120286,0.730887219
5200,72,14,12,8,36,1.312011674,-1.562976981,0.830619587
5200,83,20,6,10,54,-0.445212617,-1.377123171,-0.997959691
5200,276,29,4,10,43,0.397948688,-1.415169968,0.357045194
5200,53,19,4,9,31,-0.03020738,-0.973269578,0.308711871
5200,47,9,2,12,17,0.052579645,-0.396917808,0.832166953
5200,59,5,8,10,32,-0.029132586,-1.408759413,-0.081633584
5200,181,23,9,6,35,1.564099497,-1.415001034,0.708854259
5200,26,3,2,8,24,-1.492816491,0.123826717,-1.548895695
5200,148,17,4,8,26,-0.235058285,-0.974172583,-0.323906407
5200,87,16,20,12,69,0.519990136,-1.906062319,0.30539214
5200,101,6,6,12,33,0.017580916,-1.778721078,0.29131198
5200,67,12,2,9,35,-1.786409542,-0.530068934,-2.644235796
5200,17,2,4,11,47,0.322295697,-1.977784755,0.052071805
5200,27,8,7,9,50,0.772411648,-1.856422244,-0.383426038
5200,156,38,2,13,61,0.168821108,-0.966966789,-0.672954593
5200,36,13,2,9,17,0.699804546,-0.697255625,-0.284860834
5200,133,31,7,10,38,0.684103015,-1.227591972,-0.148155804
5200,24,13,1,10,26,0.419800769,-0.745698682,-0.083460401
5200,61,16,2,10,64,0.352748668,-1.839740917,-0.088097702
5200,123,27,4,8,20,0.871054446,-0.841758861,0.818221034
5200,21,2,3,8,23,-0.056265443,-1.180894199,0.413412073
5200,142,24,13,9,58,1.370174719,-2.471871328,0.484263373
5200,42,12,8,12,46,0.672529296,-0.699837759,-0.278178087
5200,8,2,2,13,35,-0.262665907,-1.380478543,0.349448849
5200,10,4,5,9,35,-0.265462133,-1.075566742,-0.290987993
5200,115,16,3,13,46,0.958136038,-1.161724383,-0.049796605
5200,21,4,3,6,21,1.68758421,-1.294277048,1.019644962
5200,182,32,9,10,50,0.668146385,-1.530477676,-0.111075354
5200,75,13,8,12,48,0.932406536,-1.843768571,0.42766109
5200,106,30,5,10,50,0.503312921,-0.97929471,-0.555287866
5200,94,12,4,9,39,0.050063786,-1.745289856,0.135974074
5200,77,17,8,7,40,0.005308537,-1.446460628,0.13447235
5200,17,7,10,12,44,0.824439036,-2.067243871,0.731595554
5200,77,15,8,7,52,0.468683121,-1.452827264,0.04374088
5200,121,12,3,6,40,0.799519922,-0.644898691,-0.487659813
5200,146,18,12,10,55,0.53148169,-1.63609214,-0.180171093
5200,67,11,3,9,40,0.184558264,-1.026862224,-0.105953179
5200,49,16,2,9,44,-0.357895895,-1.400469876,-0.577349811
5200,28,8,5,5,19,0.458609568,-1.070531065,0.13828868
5200,28,5,3,13,46,-0.397482885,-1.736095944,-0.214174416
5200,26,8,3,11,36,-0.784646205,-0.491209327,-0.501389464
5200,61,20,2,8,20,-0.727548644,-0.85764195,-1.685884253
5200,34,8,2,13,24,-1.619874314,-0.533937464,-1.364627216
5200,213,30,4,7,50,0.483232116,-1.192575775,0.296549275
5200,33,7,2,7,47,0.587942782,-1.453523151,0.178621739
5200,135,26,3,11,45,0.648940484,-1.371166715,-0.34268711
5200,97,18,3,12,46,1.111776969,-1.643129015,0.540220752
5200,124,18,2,5,38,-0.260672936,-1.540979537,-0.526668698
5200,124,20,4,9,60,0.357544127,-1.657718446,-0.154361596
5200,81,12,3,9,14,-1.233218969,0.288743859,-0.710595524
5200,117,15,5,10,56,-0.276777477,-1.785382485,-0.252218223
5200,4,1,2,6,12,-0.466747622,-0.400953879,-0.419163621
5200,58,7,8,14,70,0.771308065,-1.399690982,-0.234060062
5200,91,21,10,9,50,0.361009077,-1.495141282,-0.380163109
5200,77,19,7,8,40,1.138337893,-1.085300425,0.348563691
5200,321,58,6,8,34,1.257953224,-1.72966599,0.866001634
5200,64,21,2,10,43,-0.180264047,-0.554255176,-1.289724875
5200,59,19,8,8,36,0.625942021,-0.915034558,-0.0805339
5200,47,6,5,8,22,-0.517263198,-1.151848194,-0.049855229
5200,123,23,7,11,21,-0.400002451,-1.179738431,-0.405657922
5200,74,18,3,11,48,-0.076528592,-0.43831435,-1.133841271
5200,23,7,7,7,30,1.050075304,-0.881998492,0.508835061
5200,45,10,4,8,26,0.056189888,-1.101094138,-0.884666517
5200,169,17,3,6,34,-0.085172486,-1.289340564,0.210841445
5200,69,19,4,10,54,0.180093971,-1.392628669,-0.160156205
5200,136,25,6,5,30,1.054810446,-1.741174086,0.804404895
5200,82,9,6,14,40,0.724517754,-1.885752708,0.103572797
5200,44,8,1,5,43,2.119792107,-2.041403091,1.47427431
5200,47,7,4,9,44,0.799774717,-2.221633025,0.602184654
5200,53,6,2,16,20,-0.082532774,-1.272815232,0.656116959
5200,36,7,5,13,35,-1.516179639,-0.87399375,-1.776363566
5200,30,9,4,9,59,-0.415309786,-1.593924413,-0.622292797
5200,36,14,2,5,24,-0.698730949,-0.929154666,-0.453715822
5200,187,45,5,8,51,0.435820557,-1.702906157,-0.280858286
5200,41,13,3,10,38,-0.014764997,-1.688295796,0.336036107
5200,58,18,2,10,45,0.181656995,-0.553980671,-1.06654766
5200,36,11,3,6,24,-0.169745902,-1.25959739,-0.335849304
5200,182,29,3,12,34,1.311295363,-1.532594739,0.522461715
5200,17,4,3,4,18,-0.282839771,-0.693829427,-0.358763203
5200,119,15,3,16,49,0.646572206,-1.255437185,-0.502818788
5200,112,33,6,8,39,0.139110901,-1.472528256,-0.009722794
5200,22,3,2,8,7,0.133683327,0.1986578,1.083868648
5200,122,15,6,7,26,0.58364929,-1.814066734,0.742395305
5200,151,17,6,8,32,0.264102998,-0.419143797,-0.698967618
5200,30,10,4,14,49,0.259315279,-1.752477813,-0.478458228
5200,31,9,5,11,26,-0.041851263,-1.163634303,-0.528101644
5200,58,7,3,9,28,1.590878783,-1.660446304,1.656026436
5200,116,11,3,10,23,0.804352406,-1.198752743,1.053083185
5200,81,24,6,12,62,0.179847392,-1.995723867,0.412694456
5200,73,11,3,8,26,-0.231608943,-1.332437409,0.325406056
5200,98,16,3,10,41,0.473180769,-1.385947699,-0.35459546
5200,23,8,2,9,14,0.000523775,-0.406134045,-0.508191333
5200,57,19,2,12,43,-0.649826458,-0.898619611,-1.154157254
5200,43,13,2,10,65,0.202033543,-2.094419017,0.142735034
5200,51,15,4,10,56,-0.361152054,-1.818280696,-0.093380421
5200,31,12,3,9,30,-0.726769498,-0.626144063,-0.848367934
5200,99,29,5,9,23,-0.164239152,-0.830430281,-1.149874656
5200,77,17,10,7,40,1.519997682,-1.132751867,0.107472219
5200,16,2,4,8,19,0.586385735,-1.693476779,0.950941617
5200,65,12,3,7,28,-0.58676972,-0.683093224,-0.709102345
5200,66,15,2,10,29,-1.16382416,-0.366012167,-1.148162862
5200,15,1,2,13,37,0.481622907,-1.872438083,0.759690192
5200,37,6,3,5,22,0.463428969,-0.527274747,0.43049253
5200,34,8,2,11,26,-0.695208343,0.063519307,-0.86109275
5200,39,3,2,17,52,-0.912162567,-1.047171126,-0.977768686
5200,189,31,2,13,57,0.25064597,-1.275917925,-0.344638053
5200,94,22,5,10,49,0.908907955,-1.276163375,-0.169574509
5200,123,24,2,13,16,-0.323582902,-0.267530732,-0.36460183
5200,52,10,8,9,42,0.936387013,-1.130489576,-0.39583369
5200,251,37,7,8,47,1.3370022,-1.162549433,0.814877372
5200,124,24,6,10,39,0.340774161,-1.806292568,0.458787986
5200,53,11,2,5,47,0.585591233,-1.513517827,0.307995473
5200,17,4,7,10,56,0.955097512,-0.790655457,-0.369787209
5200,197,60,10,9,51,1.391976935,-1.967024611,0.928076894
5200,24,5,3,10,69,0.273696868,-1.839777689,-0.001543637
5200,33,10,4,7,32,-0.05182795,-1.178501806,-0.722504185
5200,57,15,2,9,23,-0.797309246,-0.67750521,-0.688174369
5200,241,32,2,10,55,-0.737801475,-1.680309912,-1.078226653
5200,30,8,5,11,61,1.222913976,-2.009305242,0.100041397
5200,74,8,2,7,31,0.732922088,-1.623160241,0.257415454
5200,44,7,3,10,18,-0.146839227,-1.05242631,0.425406403
5200,59,14,3,9,43,1.465292065,-2.618582473,0.917693474
5200,143,41,7,8,70,1.345619781,-2.227390585,0.11728761
5200,117,19,9,8,48,1.171498084,-1.924511881,0.182487206
5200,85,8,5,8,22,-0.582434506,-1.307669961,-0.422124915
5200,94,28,3,10,42,0.251540008,-1.643254851,-0.025665535
5200,76,15,2,7,45,-0.369531751,-1.648007685,-0.439879227
5200,37,7,5,9,56,-0.149967286,-1.21521931,-0.978978229
5200,24,2,2,13,31,-0.555598246,-1.476801136,-0.104019823
5200,63,17,3,12,63,-0.313763139,-1.228321232,-0.25714129
5200,21,6,4,9,47,-0.796267486,-1.198583634,-1.38073669
5200,109,9,3,9,18,0.899186674,-1.430424674,0.838128109
5200,48,9,4,10,78,2.031718597,-2.724597174,0.886222414
5200,89,9,11,12,41,-0.019160404,-0.819877906,-0.880942123
5200,124,25,7,11,46,-0.433385281,-1.235325951,-0.360323204
5200,264,16,9,8,68,1.699496285,-3.236504464,1.483717694
5200,76,16,5,10,45,-0.385980321,-0.716436029,-0.953379217
5200,63,16,5,7,22,0.336481697,-0.510188027,0.157820522
5200,63,14,6,9,44,0.426740515,-0.080765249,-0.962166397
5200,101,17,5,12,32,0.345961062,-0.751671271,-1.118531727
5200,51,12,2,14,37,0.722973171,-1.489455084,-0.105782919
5200,50,10,2,6,25,-0.067568295,-0.140573937,0.634954998
5200,17,4,3,11,34,0.17723228,-0.495796115,-1.3123195
5200,38,9,7,9,31,0.964029229,-1.663673706,0.259028018
5200,104,16,5,6,27,0.3030287,-1.376953287,-0.150436264
5200,154,20,6,9,41,-0.13423865,-1.340737305,0.348410324
5200,39,9,1,12,35,-0.488230575,-1.239327933,-0.382870034
5200,30,5,5,9,35,0.011019368,-1.665811015,0.196934542
5200,65,9,4,7,20,0.235020123,0.240794634,-1.315139754
5200,78,19,2,15,41,0.249296912,-0.412651163,-1.34412969
5200,31,10,6,5,33,0.208570213,-1.141215739,0.239016027
5200,13,3,3,5,18,0.133784197,-0.704354033,0.686032716
5200,82,18,5,8,33,1.469291368,-1.357757516,1.197079404
5200,147,39,9,10,59,1.032814248,-1.491969607,0.109429306
5200,111,27,6,8,50,0.418883814,-1.589483068,0.386129378
5200,32,10,3,9,23,0.542040456,-0.482376765,-0.649593636
5200,38,13,4,14,31,-1.542013388,0.06385463,-1.67979233
5200,152,23,2,13,30,1.743170809,-1.523742599,1.057114912
5200,105,19,4,10,46,0.786798272,-2.087322829,0.598010142
5200,112,23,2,10,37,0.006947971,-1.186906481,-0.182518102
5200,75,17,3,8,17,0.16987335,-1.312359753,0.391527054
5200,29,5,6,9,30,0.740942083,-0.782711219,-0.413347662
5200,96,7,5,9,38,-0.324291621,-1.713715347,-0.301896028
5200,81,24,7,8,37,0.334063598,-1.481167504,-0.114035181
5200,81,15,6,11,31,1.620600161,-1.296385269,0.326329644
5200,71,9,8,9,24,1.521791549,-1.504421345,0.580494697
5200,42,8,4,9,27,0.557592841,-1.007876184,-0.444171034
5200,48,13,4,9,34,-0.227897093,-1.292491911,-0.348746109
5200,49,12,14,12,33,0.866513214,-1.461824792,0.594043592
5200,33,10,6,7,38,0.356339812,-0.9685629,-0.078225052
5200,116,21,7,10,46,0.317069791,-1.471791725,-0.29951575
5200,41,10,6,5,22,1.734371548,-1.378189393,0.817984846
5200,194,33,13,7,52,1.273818447,-2.276343105,0.725153866
5200,68,26,4,13,40,0.322070757,-1.431576138,-0.001869867
5200,46,9,6,9,49,0.715062714,-1.557032522,-0.620889664
5200,5,1,3,9,29,0.822023161,-1.560860918,0.284337613
5200,54,12,3,7,23,0.85344941,-0.787839444,0.488067382
5200,59,9,7,9,62,1.09997752,-1.616222359,0.198703805
5200,234,47,4,7,49,1.173142699,-2.076208458,0.56308685
5200,61,15,5,9,27,0.957617127,-0.891795263,0.206945948
5200,1,1,3,5,30,1.031270757,-1.590289284,0.935079287
5200,43,11,2,9,42,0.685276807,-0.823094369,0.058857428
5200,135,25,5,10,54,-0.358313982,-1.640025484,-0.432627153
5200,76,15,2,8,41,1.21327703,-1.683003641,0.29838794
5200,91,29,6,10,51,0.390729242,-0.759091966,-0.484511208
5200,37,8,5,9,51,-0.088693845,-1.256859777,-0.949714128
5200,59,9,3,10,26,-1.755459193,-0.60528467,-1.308970407
5200,72,7,6,6,29,1.588947486,-1.947909961,1.060461572
5200,66,12,7,7,32,0.41134483,-1.456610166,-0.218543065
5200,346,25,4,8,42,1.019873576,-1.810997873,0.766295321
5200,27,10,4,15,60,-0.11692544,-1.02589233,0.075739156
5200,188,17,8,9,34,1.120033486,-1.456637731,0.569537884
5200,82,16,3,14,42,-0.227125206,-1.821735517,-0.622791786
5200,13,3,1,5,31,-0.390154017,-1.057142367,-0.186350848
5200,57,22,4,9,49,0.610886604,-1.175815241,-0.475542559
5200,161,29,6,8,29,-0.099439095,-0.920442156,0.04595075
5200,368,50,6,11,27,-0.183934311,-1.576971522,0.270268443
5200,95,23,3,7,28,0.534350956,-1.155299711,-0.009373815
5200,25,6,4,8,34,0.41552377,-1.979324756,0.090250682
5200,32,7,3,8,30,-0.549438723,-1.331163015,-0.661821898
5200,40,10,2,8,22,-0.060634296,0.052187077,0.430997963
5200,114,24,4,10,60,0.70480232,-1.781825894,0.148899911
5200,46,6,4,9,52,1.469963383,-1.815334587,0.362256951
5200,96,6,2,13,42,-0.571140245,-0.906253114,-0.89585553
5200,94,22,7,7,39,0.042162353,-1.383729619,-0.577116602
5200,112,33,2,15,63,-0.253356728,-1.028282425,-1.238500609
5200,32,13,5,12,33,0.264780038,-1.592873263,0.583897426
5200,158,36,10,8,23,-0.267749084,-0.76778333,-0.024156104
5200,105,25,2,9,32,0.441732424,-1.456991307,0.224269825
5200,185,33,6,8,33,0.024830406,-1.106269653,-0.709547604
5200,231,26,3,10,18,0.824336986,-1.109309198,0.675031646
5200,89,10,2,9,22,0.805374563,-1.296175743,0.044834897
5200,54,16,4,5,24,0.205762346,-0.95853545,-0.753117036
5200,62,15,3,7,19,0.081384991,-0.110437998,-1.197281785
5200,79,6,4,7,44,0.97874291,-1.641058604,0.85525674
5200,37,11,4,11,28,-0.248603777,-0.176568535,-0.837336588
5200,55,6,2,12,43,1.022651211,-2.0323693,0.366129944
5200,26,7,2,9,24,-0.404560005,-1.144170022,0.479822233
5200,140,41,6,8,44,1.267356187,-2.064376351,0.79358739
5200,104,16,2,7,25,0.272468783,-0.988717667,-0.31622532
5200,109,17,3,16,35,1.990621174,-2.080035657,1.970905527
5200,81,11,2,8,29,-0.987476219,-0.27922679,-1.151824883
5200,149,36,5,8,50,0.485312528,-1.039222361,-0.609039946
5200,39,10,2,8,37,-0.230531046,-0.875582233,-0.872839889
5200,24,8,4,12,39,0.594396474,-1.397478487,1.189891736
5200,51,12,10,5,20,0.413043147,-0.699160136,-0.629538368
5200,107,19,6,10,53,0.450323496,-1.084954133,-0.520583495
5200,79,8,2,12,30,-1.381099913,0.208411706,-0.821091748
5200,79,18,3,9,50,0.201203305,-1.319725876,-0.454506728
5200,23,1,4,6,39,-0.804968838,-0.685505136,-0.615483565
5200,97,32,3,10,52,-0.134711679,-1.69873454,-0.047191022
5200,27,5,2,10,45,0.426890403,-1.45894639,0.134276416
5200,59,18,10,13,48,0.729281087,-1.485377027,0.019340142
5200,111,22,6,13,48,1.289436163,-2.005659231,0.606160756
5200,71,18,3,8,39,-0.528208416,-0.906706722,-0.091754908
5200,22,1,7,12,63,0.683050546,-1.787977167,0.045055613
5200,25,5,3,11,27,-0.376504458,-1.439186763,0.438385159
5200,142,11,3,5,34,0.032241503,-1.190866849,0.460870393
5200,94,28,12,10,30,0.252104602,-1.052002164,0.018604854
5200,60,13,2,16,11,-0.928231562,-0.472857424,-0.204852289
5200,151,24,1,11,58,-0.68606964,-0.559270099,-0.643355084
5200,51,11,3,10,39,1.134209558,-1.794054179,0.869068868
5200,66,6,6,12,52,1.380841731,-2.31554204,0.238147121
5200,80,30,8,7,25,-0.268904034,0.021375341,-1.387642454
5200,40,11,4,9,24,0.161369653,-0.562583436,-0.825292622
5200,43,9,3,6,29,0.787969958,-1.259933446,0.926810198
5200,46,15,3,9,45,-0.524648739,-1.468276207,-0.898841231
5200,35,15,2,12,29,0.832648346,-1.0278614,0.019528579
5200,85,13,6,13,16,1.007744312,-1.249211304,1.18374339
5200,30,4,3,5,11,-1.433350554,0.2999061,-2.17596515
5200,32,2,4,4,18,-1.502380569,0.081751908,-1.599332401
5200,11,2,4,10,34,0.801243208,-1.971920337,1.314166811
5200,251,43,4,7,33,0.751036813,-2.027692529,0.15998379
5200,105,15,9,10,45,-0.227918817,-1.982669643,-0.219580028
5200,65,12,4,11,59,-0.713223755,-1.773081864,-0.639725979
5200,45,3,1,12,44,-1.145246394,-0.351437873,-1.617205628
5200,37,5,3,9,30,-0.246542846,-0.889281792,0.063560419
5200,35,11,4,10,32,-1.073312684,-1.020768383,-0.835516426
5200,101,15,3,13,67,-0.59394902,-1.554848024,-0.463025732
5200,14,6,3,11,36,-0.167902205,-1.244270588,-1.021316162
5200,30,8,2,8,44,-0.124175599,-1.770007578,0.305305859
5200,341,43,4,10,81,1.79110614,-2.747570992,0.992639868
5200,43,11,3,18,30,-0.890270255,-0.708803067,-0.024353528
5200,30,5,3,9,32,1.234594724,-1.490529327,1.163014011
5200,77,15,8,12,51,-0.258662227,-0.922683956,-1.25808218
5200,69,6,5,9,76,-0.290500256,-2.169726228,-0.458162117
5200,48,21,6,8,51,0.853963141,-1.303352253,-0.414962299
5200,270,39,6,7,28,-0.161618577,-0.648554859,-0.09614191
5200,54,4,4,7,44,1.11223937,-2.086189438,0.793256437
5200,223,23,9,6,23,0.400093567,-0.762568656,-0.275420543
5200,196,25,3,9,48,-0.008151682,-1.772114892,0.040131962
5200,170,18,7,13,55,-0.37042492,-1.355768761,-0.743193766
5200,25,5,4,12,50,0.559653068,-1.248161691,-0.209735027
5200,253,51,5,8,33,1.521756272,-1.646884206,1.062495166
5200,39,12,3,5,13,-1.093014037,0.368295239,-0.238292699
5200,45,14,3,11,29,0.355589569,-0.798709295,-0.769715122
5200,24,5,4,10,37,1.759183614,-2.00655249,0.746217316
5200,9,1,4,5,17,0.448299051,-1.211126843,0.299232819
5200,54,19,4,8,39,-0.587303894,-0.496996242,-1.003291568
5200,135,13,5,10,65,0.581040975,-2.324111588,0.380403758
5200,43,9,3,11,45,1.348789259,-1.825136842,1.113495557
5200,192,29,4,12,38,0.857951788,-1.489786884,0.58357812
5200,197,40,6,12,44,-0.244978082,-0.59811819,-1.486050853
5200,20,5,2,8,16,-1.32300201,-0.413898273,-1.032321909
5200,107,32,8,7,53,0.990298938,-1.539477338,0.149406662
5200,48,10,4,7,23,0.527693209,-1.774701379,0.286015189
5200,27,6,2,14,38,-1.182138062,-0.321832493,-1.727411328
5200,81,18,11,9,49,0.811224253,-1.371261105,-0.413013394
5200,43,14,4,9,38,0.533271357,-0.916820699,-0.916010284
5200,107,31,4,9,42,0.682163764,-0.193981045,-0.748514995
5200,29,6,3,13,31,-0.413660344,-0.845400574,-0.612630915
5200,72,11,9,9,39,-0.339845724,-0.064265544,-1.528755452
5200,80,10,12,11,22,-0.380782042,-0.380823413,-0.057115793
5200,30,11,5,11,55,0.515233801,-1.372069987,-0.404959893
5200,19,3,8,6,29,0.518558184,-1.294932674,-0.154555863
5200,61,12,6,11,22,0.457022301,-1.444730893,0.774660612
5200,34,5,3,10,50,0.122274304,-0.511837093,-1.576689252
5200,113,13,7,12,42,2.019129614,-2.779982895,1.233719361
5200,52,15,10,9,44,1.549522132,-1.754368002,0.675632521
5200,37,12,3,8,47,-0.65049059,-1.146668602,-0.300793464
5200,45,7,11,6,19,-0.036603697,-0.991821432,-0.260040163
5200,165,32,3,12,52,-1.277849654,-0.942330916,-1.20660011
5200,209,32,3,9,37,-0.291700231,-1.579437728,-0.142761211
5200,169,31,2,14,83,0.202011189,-2.226336691,0.185625006
5200,51,13,2,7,46,0.260762673,-1.280448757,-0.401703567
5200,93,10,2,7,26,-0.307110579,-1.316107535,0.234453096
5200,100,19,7,12,47,-0.297115207,-1.076506353,-0.889635887
5200,221,24,4,16,36,1.037943839,-1.562418845,1.132323995
5200,64,17,7,6,35,1.39218185,-2.207528813,0.774516608
5200,99,14,5,8,50,1.849961002,-2.440636808,1.040241795
5200,71,20,3,9,29,0.003418658,-0.428030557,-1.068521246
5200,27,12,3,14,39,0.548654637,-1.916208237,0.593657144
5200,210,38,10,10,56,2.257052227,-2.683384694,0.896481151
5200,21,4,5,12,66,-1.234020001,-0.405962024,-1.442941438
5200,14,6,3,9,29,-0.335388904,-0.331095774,-1.8844589
5200,79,9,5,7,22,-0.547095623,-0.736252548,-1.305393564
5200,85,9,9,10,44,0.13729311,-1.369829984,-0.112117002
5200,175,23,6,9,64,0.886397873,-2.75430567,0.643461913
5200,211,22,4,4,32,1.375329895,-2.495100654,1.45067307
5200,66,16,6,11,49,-0.213006902,-1.295847389,-0.734616405
5200,35,11,4,7,24,-0.340120945,-1.127834366,0.340899703
5200,40,7,1,8,41,0.398651412,-0.766918001,-0.839589397
5200,31,9,1,8,61,0.525642317,-2.1289205,0.379624344
5200,9,2,1,4,14,-0.332527306,0.12819379,-1.537286133
5200,40,13,2,4,17,0.379796465,-0.50829729,0.056922776
5200,113,24,7,8,29,0.531129124,-0.447074673,-0.752232863
5200,144,50,14,9,52,0.841004928,-1.680793492,-0.08860003
5200,91,13,12,11,36,0.543375133,-1.276624831,0.079743028
5200,29,5,5,4,17,0.521172645,-0.026646142,-1.265789296
5200,40,6,6,8,24,-0.007928432,-0.47318396,-0.223505757
5200,110,21,4,14,29,-1.119343774,-0.272062914,-0.674586635
5200,41,6,2,5,16,0.23108982,-0.146645672,0.130351874
5200,123,37,9,6,33,1.735956229,-1.808550784,0.973223754
5200,96,22,3,12,20,-0.541489676,0.259258204,-0.159965754
5200,257,24,7,8,49,1.030660091,-1.460367292,-0.006505009
5200,242,32,3,9,35,1.825421088,-1.862781969,1.523690507
5200,75,11,2,17,43,0.684620223,-2.142998911,0.783569272
5200,66,20,5,8,58,0.315585972,-1.849832983,0.489815584
5200,32,21,8,8,26,0.911891076,-0.452145975,-0.125137898
5200,52,15,6,7,25,-0.000226964,-0.747361434,-0.930457974
5200,33,13,7,12,47,0.724260255,-1.118265793,-0.407692438
5200,27,2,3,12,58,0.261933253,-1.306993334,-0.364648116
5200,55,23,5,7,36,0.773317426,-2.084194256,0.704727626
5200,41,12,2,7,31,-0.611514429,-0.902071424,-1.034517496
5200,132,15,4,15,46,0.033193186,-1.901961061,0.44842003
5200,128,35,5,9,48,-0.693131767,-0.625081886,-0.266214225
5200,40,1,6,10,36,1.277394158,-1.594389788,0.805211989
5200,17,5,8,7,39,1.65517066,-1.86734921,0.594974578
5200,41,13,4,8,38,-0.334482398,-1.09887127,-0.173594608
5200,139,22,5,6,23,0.835994165,-0.423216346,-0.135209493
5200,35,12,4,11,42,0.795916321,-1.746724376,0.289048286
5200,29,9,2,10,37,-0.115259086,0.016305427,-1.31768577
5200,71,12,3,7,25,1.088294473,-1.671842444,0.859079003
5200,22,5,5,12,30,0.262946241,-0.059712285,-0.40363948
5200,3,2,1,13,42,0.345731353,-1.705278127,0.367148793
5200,48,15,6,6,21,0.540212541,-0.542686441,-0.818776283
5200,35,11,2,10,61,0.095614444,-2.449901441,0.20117642
5200,28,5,3,5,16,-0.403689486,-0.3069736,-0.395174344
5200,77,9,3,11,36,0.205068981,-0.895270927,-0.414585583
5200,41,11,7,10,36,0.69559121,-0.403919581,-0.029181532
5200,50,3,4,10,17,-0.108778147,-0.224846421,0.612850352
5200,51,10,6,13,41,0.816415067,-1.387086289,0.145671049
5200,92,23,5,10,56,1.448427987,-1.893190158,0.583131374
5200,71,11,3,6,30,-0.949606416,-0.685580668,-1.858114277
5200,85,10,2,11,17,-0.576486267,-0.933130601,0.408122052
5200,47,5,6,14,61,1.209117965,-2.052440825,0.835504638
5200,145,19,5,10,48,-0.070783231,-1.911819311,0.344593514
5200,259,33,7,13,45,-0.766724139,-1.173102824,-0.768903122
5200,241,41,4,7,43,1.076413718,-1.648712539,0.523937709
5200,55,4,5,14,27,-0.580333167,-1.437811326,-0.75936884
5200,62,16,4,9,66,0.461127815,-1.092842137,-0.426269002
5200,45,11,3,10,14,-0.451296561,-0.329938243,-0.675454624
5200,228,37,2,11,57,0.792946716,-1.757609226,0.240276978
5200,46,19,11,9,56,1.077400648,-1.624353682,-0.114428084
5200,93,21,2,12,24,-0.593961411,-0.576313682,-0.241174807
5200,151,29,10,6,28,1.308328566,-1.51609545,1.083626059
5200,26,8,5,4,19,-0.880716963,-0.637451692,-0.156028222
5200,77,11,4,8,30,-0.204978036,-1.183286664,0.376047279
5200,190,16,2,10,48,0.42483453,-1.858971172,0.534772945
5200,163,30,18,12,40,0.698228612,-1.192931161,0.034269287
5200,23,8,3,6,29,0.393715239,-0.782195058,-0.605225937
5200,32,10,2,7,33,-0.569026408,-0.693428393,-1.049611377
5200,140,39,11,9,35,0.424706225,-1.271858909,0.212534884
5200,19,4,3,10,31,0.846886507,-1.887620997,0.763044117
5200,118,19,4,9,24,-0.585885529,-0.928078579,-0.266492589
5200,35,7,2,9,50,0.109838902,-1.424021222,-0.104319138
5200,88,19,3,7,43,0.706462257,-2.155700421,0.79312482
5200,78,9,6,9,23,1.412110215,-1.394165269,0.917385152
5200,25,5,8,10,27,-0.858428493,-0.22297567,-0.508927568
5200,19,8,5,10,61,0.587998882,-1.857187819,0.009778057
5200,29,5,3,6,20,-0.974242788,0.598999975,-1.317743059
5200,68,11,11,8,32,0.596951269,-0.893327706,-0.613733755
5200,69,9,8,12,54,1.300264908,-2.035305372,0.841521052
5200,34,9,4,10,49,0.387634835,-0.797638922,-0.451573402
5200,51,8,5,12,45,-0.067829018,-1.96109726,-0.397400385
5200,131,9,4,13,31,-1.068237287,-0.736344686,-0.723880132
5200,36,5,3,11,39,-0.503994317,-1.191710717,-0.035396933
5200,4,0,3,9,61,0.818154673,-1.033660475,0.247995837
5200,77,33,12,10,46,0.555677501,-0.93815525,-0.383255823
5200,24,10,5,10,12,0.731374759,-0.473960434,0.100035875
5200,160,21,5,7,24,0.629594195,-1.298536476,0.270891471
5200,115,24,1,16,18,0.721278236,-0.901307601,0.817997886
5200,21,10,5,9,24,0.284825278,-1.14448164,0.004360513
5200,135,38,16,10,45,-0.055883137,-0.324190525,-1.214292844
5200,172,32,4,14,60,0.594349058,-1.495074188,-0.159604791
5200,61,18,3,12,46,1.105682904,-1.809849841,1.02907438
5200,195,50,6,9,38,-0.578202585,-0.840065544,-0.304091949
5200,42,13,5,11,67,0.679794754,-1.20485841,-0.23041929
5200,47,7,4,10,40,-0.071176918,-1.054635649,-0.474547941
5200,80,16,2,5,28,-0.146990719,-0.939977524,0.187980169
5200,83,17,20,9,69,0.785529204,-1.287238441,-0.75412455
5200,198,29,3,10,53,-0.174923596,-1.71397519,0.132176424
5200,69,14,5,10,31,0.698837208,-0.234853088,-0.77157507
5200,189,18,4,11,35,1.171839933,-1.308347983,0.246073817
5200,109,22,2,8,21,0.92127162,-0.939376154,0.685674306
5200,211,39,7,14,56,0.764738536,-1.776577415,0.422424534
5200,214,23,10,9,33,0.283212995,-1.903653919,0.469193011
5200,104,11,3,10,56,0.458779981,-1.716158418,-0.00648012
5200,153,33,2,5,28,-0.888037169,-0.519790769,-0.704427098
5200,148,24,4,6,15,-0.721412616,0.028588453,-1.398722793
5200,50,8,3,10,34,0.442865112,-0.982375825,-0.480515851
5200,173,25,2,8,38,0.600036649,-2.0066893,0.260201167
5200,60,22,3,8,30,-0.926116511,-0.206278641,-0.794888244
5200,81,21,5,5,39,0.332077434,-0.432869988,-0.863713314
5200,127,33,4,7,29,0.678117158,-1.243249236,0.329646505
5200,122,26,6,12,48,1.323722735,-1.447834429,0.456326947
5200,305,61,6,9,56,0.494521558,-1.650007438,0.472859002
5200,39,7,4,11,28,-0.282830658,-0.643100984,-0.859988432
5200,64,9,4,7,30,-0.659235116,-1.156444451,-0.356308305
5200,171,30,7,8,44,1.510020195,-2.12923728,0.852353762
5200,40,2,3,8,38,0.723855487,-1.599515217,1.019058773
5200,158,16,6,11,41,0.796952051,-1.467658227,0.151722479
5200,30,12,4,9,60,0.029117203,-0.743603883,-1.185571359
5200,147,28,4,7,34,1.668326762,-1.804046683,1.48249808
5200,121,28,4,10,39,1.12494549,-1.9173215,0.992794873
5200,70,18,7,13,47,0.650244788,-1.302989481,-0.189576981
5200,26,6,3,11,56,0.340121399,-1.253133273,-0.662408504
5200,102,23,3,10,50,0.677255102,-0.730314098,-0.678484478
5200,146,25,5,9,31,-0.03838551,-0.7277505,-1.129376294
5200,10,5,2,11,23,-0.81867757,-0.940276889,-0.668004973
5200,47,13,1,13,21,-0.798652602,-1.243719381,-0.753858188
5200,94,18,4,11,41,-0.33743687,-1.71973239,0.161897614
5200,25,2,5,7,24,-0.780590612,-0.73143468,-0.286154489
5200,69,12,2,8,49,0.1920888,-1.365820303,-0.415947591
5200,240,40,5,10,61,-0.227998575,-1.32973565,-0.15539645
5200,157,28,11,11,35,0.631008482,-1.113962505,0.97752852
5200,31,7,2,13,47,0.996600506,-0.396422323,0.166859774
5200,47,10,4,6,24,0.233429651,-0.506121652,-1.036645218
5200,41,7,3,7,16,-0.367300259,-0.73543461,0.490687554
5200,66,11,2,9,17,-0.953029786,0.535317578,-0.084410333
5200,123,18,2,13,23,-0.647808422,-0.622236383,-0.295815088
5200,62,27,8,10,67,-0.100102964,-1.528432076,-0.770475668
5200,45,5,3,10,22,0.129742743,-0.809678004,0.368791866
5200,186,40,5,8,33,0.346953816,-1.155187186,-0.831101493
5200,77,19,8,9,25,-0.358825106,-1.501411745,-0.25082904
5200,93,25,6,9,39,-0.041179644,-0.291878631,-1.380646544
5200,51,13,2,10,42,-0.263906242,-1.535126013,-0.164314594
5200,113,25,5,8,55,1.120206195,-2.018111049,0.916866523
5200,27,6,5,7,46,0.184240191,-1.923446478,-0.044799553
5200,121,19,4,10,43,-0.35404217,-1.159280664,0.418839416
5200,85,22,5,7,25,1.262347689,-0.885075132,0.321048181
5200,121,16,3,5,28,0.074073323,-1.575927291,-0.061856599
5200,33,10,3,9,23,-0.452907576,-0.821797701,-0.749706339
5200,142,31,8,9,48,0.470089593,-1.82569018,-0.094002076
5200,324,38,2,12,47,0.377211065,-1.997673594,-0.272526039
5200,75,13,4,11,48,-0.525346162,-0.864976148,-0.882071544
5200,116,18,9,8,44,1.41791188,-2.133593182,0.875904019
5200,49,14,2,9,41,-1.089173063,-0.182781622,-1.619952482
5200,50,7,3,9,36,1.017940121,-1.087056491,-0.009503149
5200,139,6,4,13,36,0.889331821,-1.323892886,0.546928651
5200,63,10,7,10,44,0.922841127,-1.997033659,0.47351002
5200,49,9,2,6,38,0.501142704,-1.723072026,0.529035151
5200,49,13,3,12,37,-0.39051577,-1.162398039,0.24316522
5200,88,29,4,9,52,0.788095817,-1.469592272,0.003480783
5200,31,11,4,9,27,1.237013614,-1.228088647,0.37661811
5200,14,4,2,5,16,-0.55020205,0.271050408,-0.97798724
5200,106,14,6,13,34,-1.255857146,-0.504107023,-0.705060385
5200,112,11,5,10,36,-1.553710296,-0.917285439,-1.285762081
5200,29,5,5,8,47,0.165605839,-1.294221263,-0.379286824
5200,132,32,10,7,61,1.350744469,-2.242626499,0.546904302
5200,161,23,10,10,37,0.450839335,-1.631339627,-0.204952635
5200,162,17,10,5,26,2.257414969,-1.940104806,1.465358662
5200,84,15,3,10,43,0.671584656,-1.97981546,0.419045995
5200,57,9,5,10,58,0.327412283,-1.247135028,-0.164236961
5200,148,30,9,9,55,1.412818429,-2.263708383,0.756110447
5200,92,19,9,18,49,-0.06693739,-1.850684234,-0.129162592
5200,9,6,3,5,17,-0.51424428,-0.881519111,-0.015867297
5200,7,1,7,5,20,-0.217022997,-0.152416059,-0.012299929
5200,65,16,13,11,58,0.42738401,-1.4473,-0.160216993
5200,196,27,3,8,37,-0.742428565,-1.341006435,-0.515557093
5200,46,15,2,10,26,0.309318031,-0.522145924,-0.594975248
5200,39,9,4,9,30,0.865423716,-1.245176206,-0.045914747
5200,77,16,4,7,44,-0.319889813,-1.095224246,-0.10883772
5200,63,17,8,11,25,0.283957301,-0.426023492,-0.334292801
5200,112,18,5,9,38,-0.669115874,-0.965311716,-0.681826903
5200,71,14,8,9,33,0.499127149,-1.180459145,-0.921427603
5200,197,30,7,11,60,-0.798858447,-1.217170333,-1.144091818
5200,128,28,4,16,31,0.191191943,-0.654713056,-0.313714827
5200,38,6,4,11,17,0.283704491,-0.161139046,0.210148079
5200,26,4,2,11,48,0.238205799,-1.351654321,-0.109601153
5200,65,19,2,8,44,-0.53076351,-0.796583381,-1.466629032
5200,62,8,2,11,47,0.625454308,-1.968119093,0.852778166
5200,18,6,4,6,33,1.19547184,-1.902068275,1.049481534
5200,22,5,2,6,26,0.130419493,-1.448016719,0.104224144
5200,103,27,13,8,35,-0.033461373,0.174005811,-0.715464395
5200,30,13,2,12,22,-0.568425834,-0.861235056,-0.468439113
5200,187,24,2,7,29,0.085761291,-1.504438398,0.187145025
5200,43,6,2,8,68,0.115933633,-1.719100524,0.160819987
5200,25,4,2,10,39,-0.083243077,-1.823704724,0.154525033
5200,16,4,3,13,38,0.089381087,-1.330185508,-0.235473934
5200,67,18,10,7,38,-0.13830271,-0.867779338,-0.81468884
5200,37,8,3,10,39,-0.699063356,0.013878861,-1.064318465
5200,31,2,6,8,17,-0.089031054,-1.323523761,-0.03794442
5200,139,34,8,9,49,-0.843918323,-1.213383767,-0.798450094
5200,80,14,2,8,35,0.250514902,-1.540976947,0.035018838
5200,95,24,1,7,50,-0.316904373,-1.700552251,-0.482572077
5200,51,6,2,14,44,0.08108158,-1.324310845,0.858429402
5200,103,38,6,10,37,1.027627907,-1.024713124,-0.307763998
5200,131,17,8,10,64,-0.128430321,-0.465717766,-1.445596775
5200,23,4,3,11,46,0.549701362,-1.163701616,-1.018590156
5200,46,9,4,9,26,-1.059912695,-0.564026172,-0.886220768
5200,75,9,4,17,64,1.20128522,-1.878357594,0.39790401
5200,48,1,2,9,31,0.356992718,-1.629542749,0.738958148
5200,45,2,6,8,43,0.816085064,-1.907015914,0.22298014
5200,169,31,9,10,56,1.744084078,-2.529116452,0.838690604
5200,65,12,9,9,36,1.163229514,-0.658633474,0.346708501
5200,26,5,6,7,23,-0.394770569,-0.256376083,-0.245508495
5200,55,10,4,13,28,-0.427757155,-0.65961493,0.055177154
5200,34,13,3,10,42,-0.145518185,-1.652766228,-0.092586507
5200,142,20,5,8,37,0.072582638,-1.916355825,0.211859048
5200,46,7,5,10,32,0.767210947,-1.834631177,0.614115878
5200,29,5,1,8,33,-0.54998833,-1.164351313,-0.817407154
5200,53,15,5,8,38,0.541494115,-1.288498119,0.216573807
5200,88,15,3,9,23,-0.529651426,-1.237992927,-0.375715534
5200,57,10,4,10,41,-0.457915625,-1.474898631,-0.370696018
5200,10,2,5,6,19,-0.689301944,-1.013787212,-1.4380081
5200,37,5,8,10,26,0.334605624,-0.800873837,-0.769926041
5200,121,25,5,11,37,0.34478264,-1.057355753,-0.924728548
5200,24,5,8,9,36,0.413274957,-1.495470799,0.219344418
5200,16,6,2,9,18,-0.329727717,-0.24703115,-0.09561414
5200,143,37,12,6,31,0.605579547,-1.513038254,0.399130435
5200,165,48,6,11,44,-0.73938466,-1.254221071,-0.989947768
5200,29,13,5,10,38,0.657970992,-1.482531214,0.055115205
5200,47,10,5,9,27,0.022661365,-0.212166808,-1.370147668
5200,172,16,11,13,48,-0.089262083,-1.193022977,-1.089291353
5200,24,3,6,8,33,0.759236427,-2.000166612,0.284541122
5200,59,19,3,10,51,0.382579925,-1.576711804,0.02454422
5200,48,11,2,11,66,1.023481062,-2.191324826,-0.199134778
5200,31,8,8,10,40,0.976263345,-2.069180517,0.759468077
5200,85,13,5,7,54,0.56399352,-1.754029258,-0.118039194
5200,143,42,5,9,45,0.750622809,-1.467325298,-0.137320452
5200,26,1,4,13,27,0.858102556,-0.988727563,-0.088593183
5200,25,11,6,7,20,-0.332502644,-0.947587083,-0.773118973
5200,28,5,3,8,63,-1.294282476,-1.128729825,-1.91095089
5200,23,11,4,8,27,0.135942979,-1.23909056,1.006183486
5200,15,5,2,7,22,-0.059829593,-1.108041193,-0.132046858
5200,57,6,3,10,63,0.411661474,-1.505372883,0.211404492
5200,103,26,6,5,43,1.312648281,-2.034672789,0.701160744
5200,39,10,2,11,32,-1.90741515,-0.151791194,-1.841722957
5200,67,7,5,9,50,-0.268170617,-0.680800508,-0.35372923
5200,61,8,3,13,29,-1.079309281,-0.320535445,-0.617589464
5200,37,8,5,5,7,-0.590074239,0.100318497,-0.027017063
5200,163,27,2,8,46,-0.016743666,-2.010663265,-0.033246881
5200,11,3,7,11,16,-0.104211081,-0.743833123,-0.795970085
5200,33,7,6,8,44,-0.132164693,-1.501634049,-0.563144765
5200,33,6,3,10,29,-0.417354256,-0.754403433,-0.017831848
5200,45,9,6,11,58,0.858922413,-2.252064575,0.226439466
5200,28,9,3,9,15,0.353351538,-0.527108178,0.290534047
5200,18,2,2,4,13,-2.125243712,-0.174986507,-1.21492425
5200,38,10,3,11,62,1.016790476,-1.5264937,0.040251497
5200,125,23,2,12,44,0.525060486,-1.91841464,0.134411113
5200,102,17,3,13,29,0.718940519,-0.479527979,-0.216067862
5200,45,15,4,9,46,0.162676614,-0.98954557,-0.828733363
5200,86,20,13,8,40,0.916935805,-1.816364711,0.003191643
5200,55,9,6,6,28,0.848057273,-1.046164908,-0.16548224
5200,73,15,3,11,36,-0.291680306,-1.057175917,-0.427614232
5200,68,17,5,10,34,-0.18405818,-0.939585032,-0.119680513
5200,107,19,18,12,48,0.303828146,-2.033466401,0.173950637
5200,29,8,11,10,32,0.646119811,-0.243606117,-0.617915612
5200,74,13,5,11,48,0.671207925,-1.968683408,0.350278604
5200,45,7,2,12,18,0.0221528,-0.862581769,0.32144252
5200,73,10,2,7,26,1.45798643,-1.722647212,1.24713115
5200,99,25,6,10,43,0.683965932,-0.708980556,-0.219673398
5200,32,7,4,11,37,0.463336038,-0.638883258,-0.175428139
5200,112,13,3,8,37,-0.249207238,-1.304362069,-0.294321049
5200,62,7,2,9,53,0.463072521,-1.769126081,0.199345995
5200,42,13,8,7,31,0.382620942,-0.706583348,-0.877603339
5200,30,6,5,6,24,1.402138202,-1.309512756,1.027660236
5200,37,4,2,13,29,0.618892986,-1.292341218,0.754827235
5200,100,21,4,9,62,1.370824439,-2.428930787,0.70722814
5200,45,7,5,10,11,-0.68171131,0.215390931,-1.862802807
5200,126,30,2,10,43,0.243676004,-0.548235686,-0.668582806
5200,44,11,3,7,47,0.725278024,-1.195757837,-0.106813557
5200,65,14,3,10,41,-0.391359358,-1.665315224,-0.777716779
5200,68,12,3,11,31,-0.848982573,-0.693541298,-0.636584045
5200,69,16,1,5,28,-0.466829185,-1.154589151,-0.228659847
5200,109,4,5,12,13,-1.18950293,-0.3613042,-0.980709629
5200,248,38,5,15,41,0.440223739,-1.098710091,-0.375908619
5200,80,19,7,8,25,2.236317237,-1.916929564,1.625950143
5200,225,39,4,8,41,1.405172083,-1.685738551,0.643262675
5200,19,5,3,6,17,-0.754101292,-0.505941095,-0.629713904
5200,31,9,5,8,26,-0.323453357,-0.726971758,-0.135652417
5200,33,9,3,8,17,0.842015361,-1.143266874,0.596325805
5200,57,14,4,9,34,0.642898132,-0.757901324,0.538230428
5200,81,15,5,6,32,0.078894837,0.062861141,-1.458400799
5200,49,9,4,10,46,0.453766401,-1.941203261,0.268411412
5200,68,11,7,8,40,0.309807504,-0.879425434,-0.66158872
5200,61,14,2,9,33,0.911210892,-1.612654548,1.255815996
5200,322,73,8,7,22,0.410906884,-1.106360618,-0.170790196
5200,224,61,10,9,37,1.346577109,-1.651846667,0.28395613
5200,114,25,5,12,48,-0.400690378,-1.145760787,0.261883602
5200,127,18,4,10,39,-0.433798054,-2.057636153,-0.217972755
5200,35,5,12,11,54,0.72686439,-1.677203925,0.064544412
5200,109,11,5,10,37,0.293198094,-1.431179076,-0.313982211
5200,22,5,7,5,29,0.876140863,-0.836854442,-0.476655792
5200,44,7,6,10,28,1.230084773,-2.320405369,1.064995219
5200,80,18,6,9,37,0.384248445,-0.804577834,-0.480074643
5200,113,9,4,5,32,0.7096555,-1.373427557,0.542460524
5200,52,13,8,10,29,-0.154289659,-0.515058847,-1.226550061
5200,16,4,4,9,40,1.281535627,-1.448323041,0.108690688
5200,66,20,7,7,40,0.845912138,-0.938003328,-0.539881635
5200,38,18,6,9,39,-0.57482155,-1.101691334,-0.962635528
5200,110,21,11,10,64,1.779353524,-2.63666933,0.978305233
5200,31,11,6,9,48,0.320281571,-0.914866765,-0.560067281
5200,95,33,7,7,26,0.291888594,-1.618913346,0.1467747
5200,65,11,2,11,33,-0.082760105,-1.251141087,0.367213682
5200,63,18,4,9,48,0.516724366,-1.202801082,-0.319483317
5200,69,15,5,11,27,0.043948299,-1.299927114,-0.000210897
5200,122,21,3,12,56,0.800914235,-2.102635149,0.488229209
5200,72,16,3,8,24,-0.414372084,-0.559825336,-0.294158197
5200,37,7,5,8,28,0.863052267,-0.384395191,-0.500624976
5200,77,17,4,9,48,0.639109611,-2.051822495,0.143527872
5200,37,8,3,10,37,-0.45887571,0.37076864,-0.923721127
5200,295,62,9,10,55,0.967680675,-1.781235023,0.03035525
5200,93,11,3,10,32,1.25027703,-1.266103934,0.623839628
5200,79,12,4,16,40,0.156785068,-2.038229719,0.833560321
5200,61,18,4,11,36,-1.017051531,-1.009305382,-1.540035347
5200,46,10,3,9,37,0.440755983,-0.797773914,-0.249573162
5200,105,18,8,9,30,1.026164117,-0.632865882,-0.238766524
5200,50,8,2,9,54,-0.063400803,-1.688965945,-0.002566624
5200,247,32,5,6,21,0.423912707,-0.731127354,-0.026410235
5200,34,11,5,8,43,1.631279731,-2.052894908,0.693657289
5200,45,6,2,12,18,-1.686218084,-0.88461641,-0.466104976
5200,34,8,2,9,40,0.013567567,-0.216906681,-1.389080999
5200,116,14,7,7,30,0.71846912,-1.640576616,0.667929131
5200,35,7,5,10,67,1.364569605,-1.632349317,0.106202631
5200,179,25,3,8,50,0.594269828,-2.185590875,0.621818239
5200,133,34,8,11,32,0.76869153,-1.589501653,0.03525159
5200,86,16,11,15,64,-0.187964268,-0.971712141,-0.963142703
5200,132,30,3,5,30,0.721667079,-1.597047587,0.419004494
5200,112,14,6,8,36,0.728028067,-1.236999572,0.177800705
5200,170,29,3,11,66,0.515034952,-2.002828229,-0.009707574
5200,45,9,3,7,18,-0.009618332,-0.547410075,0.082913387
5200,74,18,2,9,35,-0.992770232,-0.159693654,-0.741299788
5200,45,10,2,12,32,-0.070208261,-1.406625755,-0.31562043
5200,121,28,11,8,35,-0.197904983,-1.436686836,-0.63158978
5200,269,58,6,9,42,-0.447447571,-0.79164933,-1.213094502
5200,109,22,3,8,39,0.851558311,-1.196776829,0.485602177
5200,40,7,2,8,19,-0.566960989,-0.431227566,-0.368342286
5200,70,16,6,11,63,0.118304714,-0.971065179,-0.790089525
5200,147,30,3,10,31,-0.344701056,-0.68680769,-1.234183402
5200,289,52,5,14,38,0.565619716,-1.496873103,-0.235927862
5200,112,19,8,10,40,-0.622273619,-1.114465956,-1.250921356
5200,140,27,14,10,45,1.217285423,-1.282217628,0.371510562
5200,15,4,4,5,12,-1.417891452,-0.446177564,-0.965637137
5200,109,18,5,10,28,-0.158168189,-1.233360942,0.296119511
5200,191,34,3,8,44,-0.693814076,-1.028572488,-0.720264286
5200,58,15,3,14,18,-0.990029094,-0.293392408,-0.201001452
5200,26,7,9,6,20,-2.123014795,-0.16770738,-2.412628806
5200,30,6,2,8,16,0.098316401,-0.861397991,0.354591025
5200,129,41,6,9,48,1.142524038,-1.900154454,0.153510807
5200,141,22,8,8,34,-0.096473634,-1.314002346,0.142625796
5200,54,5,5,8,37,0.041287646,-1.863049297,-0.384929921
5200,25,3,6,7,27,-0.022411244,-1.153679365,-0.07214442
5200,67,11,2,8,45,-0.600442983,-0.947759303,-1.416752
5200,17,5,4,13,81,0.147641593,-2.198423738,-0.232919669
5200,28,8,2,5,39,0.891470799,-2.222386137,0.792376358
5200,44,10,3,9,44,-0.80736992,-0.091862923,-1.126768464
5200,56,9,2,12,23,-1.26818222,-0.439590694,-0.612411473
5200,309,28,4,6,37,0.646507308,-1.824682271,0.97970986
5200,50,10,4,11,17,-0.759948951,-0.610994565,-0.235392208
5200,125,26,2,10,33,-0.262509931,-0.045560379,-1.613616775
5200,77,11,6,12,50,0.02890171,-0.276257693,-0.861432786
5200,48,8,5,9,37,0.153271604,-1.825035182,-0.373742156
5200,83,11,5,11,47,0.823264218,-0.600213055,-0.531625942
5200,211,29,2,13,59,0.38653731,-1.228592686,-0.206155112
5200,135,45,14,11,57,0.418728097,-1.081981347,-0.683103511
5200,142,25,10,12,49,1.438224361,-2.142543594,1.009223157
5200,72,10,2,10,58,0.186380864,-0.580422807,-0.782578251
5200,62,13,7,7,37,0.797133364,-1.082246515,-0.173424583
5200,122,33,3,9,52,0.405856632,-1.062813182,-0.769672516
5200,113,11,8,12,33,-0.690225145,-0.985331035,-0.134383895
5200,94,15,6,7,13,-0.846178379,-0.049156648,-0.763429194
5200,110,17,2,11,26,-0.560686921,-0.821013952,-0.475788642
5200,65,16,3,8,25,-0.004442245,-1.443989697,0.51524602
5200,91,17,3,10,47,-0.29250409,-1.432048828,0.299302453
5200,110,22,10,11,64,-0.086985611,-1.929711309,-0.511943329
5200,9,4,2,12,38,0.201431329,-0.504353534,-1.168331481
5200,122,20,7,7,33,0.446674314,-1.070659059,-0.164432877
5200,51,13,4,10,24,0.875063736,-1.280254413,0.593331214
5200,36,7,1,4,36,1.513442641,-1.572418647,0.594867677
5200,41,11,1,8,13,-0.469861973,-0.889999633,0.054905003
5200,128,6,2,7,7,-0.727663692,0.102826452,-0.070021461
5200,98,39,8,7,36,0.771474037,-1.512163773,0.130788068
5200,152,34,12,13,50,-0.700847706,-0.970361184,-0.302220139
5200,44,8,3,5,23,-0.35977244,-0.224822613,-0.507519333
5200,61,17,9,9,39,0.699189833,-0.706152051,-0.999926744
5200,220,57,6,9,40,0.641470043,-1.604548385,0.358582772
5200,190,30,7,10,47,1.617423746,-1.686186444,0.68736698
5200,136,28,1,10,74,1.504553782,-2.425358581,0.090188327
5200,33,8,9,8,31,0.317621973,-0.418902853,-0.883302735
5200,150,32,3,14,35,-0.270660832,-1.115982221,-0.497247442
5200,30,11,8,9,35,-0.115922302,0.32739662,-1.451209299
5200,12,6,4,7,30,0.526425067,-1.606875934,0.229045968
5200,258,40,4,7,47,0.855692508,-2.044991179,0.712464956
5200,59,15,5,8,36,-0.281665192,-1.078614458,0.081160507
5200,137,11,2,12,33,-0.404694631,-1.514218836,-0.468541882
5200,59,8,6,11,50,-0.130808159,-1.325326124,-0.426587818
5200,78,11,5,9,36,0.05332656,-1.019766661,-0.880469377
5200,42,4,3,9,49,-1.172997047,-1.338747775,-1.273399373
5200,70,18,5,8,19,0.128842406,-0.956667851,0.112688194
5200,53,19,4,5,12,0.017789642,-0.39320643,0.034868532
5200,32,7,5,12,19,-0.358354188,-0.738873309,0.220580961
5200,23,7,3,15,12,-1.089527724,-0.457741337,0.333930992
5200,57,11,3,8,20,-1.01446296,-1.066406223,-0.802561891
5200,37,7,6,11,37,0.660542021,-0.767547141,-0.763105457
5200,98,16,2,16,42,-0.010390628,-1.711169145,0.308083268
5200,22,0,2,6,17,1.290351661,-0.904895341,0.961798497
5200,93,18,4,10,26,-1.001513806,-0.2806962,-1.179418252
5200,45,12,7,9,42,0.610922227,-1.553395725,0.089814113
5200,22,6,3,9,58,0.323494305,-1.551411572,-0.467731703
5200,74,14,4,13,18,0.362661987,-0.96559805,0.840597241
5200,176,27,3,12,72,0.136815505,-0.620598389,-0.930684687
5200,37,3,2,7,36,0.450912541,-0.792040958,-0.575621795
5200,324,22,4,11,20,0.703450113,-0.944032767,0.796811441
5200,58,7,3,11,45,-0.681599032,-1.477550542,-0.401850195
5200,11,3,9,9,31,0.714828485,-1.349210621,0.089732645
5200,138,17,3,13,56,0.464823226,-1.914600884,0.420328657
5200,110,18,10,7,32,0.826070438,-1.121554763,0.781083629
5200,142,38,9,9,51,0.972581716,-2.052177822,0.00072639
5200,17,10,4,7,26,0.196841941,-0.559043337,-1.062523968
5200,109,13,5,9,38,-0.17751773,-0.623027653,-0.491134669
5200,87,18,2,17,27,0.029392259,-1.513132087,0.13074705
5200,43,10,4,6,43,0.185389287,-1.600649834,0.027609041
5200,30,7,1,11,51,-0.511879527,-0.836413319,-0.922242292
5200,93,17,2,13,47,-0.760929972,-1.287883099,-0.677704952
5200,141,21,6,10,35,0.329795654,-1.190455629,-0.421727397
5200,22,2,3,12,28,-0.771484242,-1.389177225,-0.416459014
5200,53,6,2,10,26,0.713738534,-1.203678375,-0.02691088
5200,54,9,5,10,37,0.902627159,-0.906424714,0.070357147
5200,17,4,2,10,11,0.938549828,-0.265392729,1.258078522
5200,59,13,3,10,52,0.329008638,-1.830331789,0.144662654
5200,49,10,7,10,30,0.83011702,-0.986956355,-0.377383639
5200,35,9,3,8,30,-0.147681547,-1.362414369,0.110516173
5200,71,14,2,12,36,-0.82796726,-0.671687465,-0.516758119
5200,119,11,2,6,43,0.392677946,-1.620455393,0.337473671
5200,85,14,7,5,44,1.867063508,-2.014613212,0.914133879
5200,30,12,4,7,25,-0.113701138,-1.433410538,0.416733507
5200,78,9,4,9,11,-1.419695705,0.053693418,-0.558797945
5200,69,10,5,8,40,0.657246971,-1.301668578,0.908095671
5200,53,9,4,8,28,1.521741001,-1.554900619,0.717996516
5200,89,22,3,7,19,-0.994856121,-0.824446613,-0.16902845
5200,39,6,5,7,30,-0.196289844,-1.588216153,-0.216435156
5200,18,3,5,9,21,0.445378453,-0.292738312,-0.703497219
5200,125,21,16,10,39,0.757756068,-1.109867788,-0.14185284
5200,13,2,3,11,28,-0.556632402,-0.845277472,-0.395781527
5200,20,5,4,10,78,-0.054773338,-1.467806474,-0.610410119
5200,39,12,10,14,33,0.023233435,-1.33009631,0.223965887
5200,57,12,4,13,28,0.88167896,-1.438017175,0.500083652
5200,102,18,5,8,47,1.227437179,-2.120276723,0.768311259
5200,116,18,2,10,49,0.654953985,-2.56542031,0.913747711
5200,37,6,5,7,25,0.386054124,-0.157465883,-1.241605734
5200,117,16,3,8,35,0.991966713,-1.879227153,0.772833575
5200,85,6,4,8,21,-1.000749938,-1.017703371,-0.490456133
5200,338,20,6,11,54,1.288715457,-2.443646161,0.591680596
5200,108,19,4,10,31,1.135786515,-0.668651764,0.001948088
5200,138,30,4,9,54,1.031883677,-2.352875011,0.396098491
5200,29,5,5,5,10,0.013253174,-0.24818788,-0.756706156
5200,30,7,2,11,18,0.918649301,-0.44499237,-0.201884492
5200,208,45,7,11,46,-1.868949067,-0.963529335,-1.371181103
5200,72,8,2,11,46,-0.506356527,-1.171814123,-1.039018595
5200,31,9,5,8,42,1.704443367,-1.68682188,1.202104978
5200,62,12,3,12,20,-1.302633468,-0.785543294,-0.659022205
5200,24,3,6,6,41,1.569209535,-1.750190188,0.771753946
5200,119,58,9,13,57,0.246045286,-0.834934548,-0.791351093
5200,125,28,7,8,35,0.832947891,-1.936199338,0.655758321
5200,34,9,6,14,56,0.723063398,-0.786396186,-0.208098895
5200,99,17,3,6,12,-0.239960234,-0.711759012,-0.122239826
5200,24,7,6,9,27,1.543993316,-1.59054058,1.379660188
5200,49,14,4,9,39,-0.034223433,-0.275265847,-0.71527275
5200,95,7,3,12,33,0.51513572,-1.189243332,0.849781971
5200,51,9,3,11,14,-1.127075986,-0.312619887,-0.845664303
5200,33,6,4,10,20,-1.326217482,0.251648554,-1.429457016
5200,49,8,6,9,19,-1.950852837,-0.678664441,-1.386018196
5200,118,34,3,7,23,0.05646749,-1.474647077,0.863610628
5200,55,10,2,12,40,1.275860922,-1.829085081,0.99127853
5200,30,7,4,12,32,-0.518894326,-0.37647542,-0.035089948
5200,39,7,2,8,35,0.248875826,-1.545015766,-0.010821527
5200,104,15,9,7,28,1.512636032,-0.743563098,0.468825784
5200,31,13,6,9,50,0.338345644,-0.715442509,-1.095260517
5200,64,9,6,10,46,0.712512203,-0.96355814,-0.503863607
5200,101,19,7,8,22,-0.071330988,0.481229313,-1.445467995
5200,51,8,3,10,24,0.137343859,-0.673334867,-0.842862721
5200,48,10,3,10,45,0.437942186,-1.008601463,-0.380808439
5200,45,7,3,9,52,1.322717382,-1.492897825,0.167111453
5200,368,50,3,7,36,-0.256608045,-1.266388811,-0.457720936
5200,12,6,3,11,19,0.603022624,-0.942236633,0.303395288
5200,87,15,3,6,20,-1.109840475,-0.740014301,-0.70670049
5200,262,63,5,10,57,0.28591885,-0.880898483,-0.994178617
5200,168,20,5,9,43,0.731888494,-0.778979135,-0.252908217
5200,214,38,3,9,37,-0.501720845,-1.641859907,-0.703694736
5200,255,34,4,11,41,-1.211959284,-0.784615917,-1.030335905
5200,76,21,9,13,66,1.141662299,-2.085863162,-0.030564564
5200,24,6,2,10,9,-0.720566913,-0.103711111,-0.264138302
5200,39,3,2,8,24,-0.741496785,-0.976045452,-0.984507916
5200,44,8,4,9,46,0.719465895,-2.122492463,0.670879449
5200,18,8,2,4,16,0.135627949,-0.025899171,-0.785796227
5200,4,0,2,11,31,0.684045184,-1.94974767,0.584505634
5200,15,3,2,11,25,0.146161231,-1.191431594,-0.216249109
5200,54,20,2,9,31,-0.59226389,-1.810936868,-0.166443105
5200,228,9,4,8,33,1.734707497,-1.572807715,1.837470412
5200,68,17,6,11,50,0.673465123,-1.182943247,-0.685814504
5200,74,15,2,11,40,-1.072720087,-0.090465876,-1.322617418
5200,35,5,2,7,34,0.794092967,-1.409488332,0.250828603
5200,71,14,3,13,47,-0.369010234,-0.820893164,0.011057883
5200,64,14,4,8,26,0.370513316,-1.361162711,0.198836848
5200,53,17,5,9,57,1.628101017,-1.941968466,0.454492803
5200,147,19,7,9,35,0.861649452,-0.608152174,-0.191053089
5200,71,16,5,10,51,0.424796416,-0.290561325,-0.974516845
5200,109,18,6,8,25,0.324824833,-0.253427973,-1.321033403
5200,159,34,3,10,47,-0.948893112,-0.112140892,-2.186061577
5200,87,17,7,11,42,0.870235658,-1.864566578,0.210043034
5200,6,3,4,12,32,-1.571978604,-0.902155669,-1.456393899
5200,41,12,4,11,14,-1.195301163,-0.446225503,-0.743455839
5200,37,11,18,15,31,-0.03577665,-1.6527375,-0.459526624
5200,96,12,3,10,23,0.015076454,-1.431359967,0.325001648
5200,168,20,4,5,42,-0.755915239,-0.581556092,-1.249962075
5200,81,19,5,11,42,0.334983106,-0.798572961,-0.794479142
5200,242,49,7,9,45,-0.006087549,-1.126659425,-0.630518426
5200,56,11,2,14,22,0.890816295,-0.568830729,-0.005649466
5200,59,11,4,9,28,-0.042072993,-1.195787155,0.110905669
5200,98,15,7,9,41,0.509910024,-1.379565897,-0.308041178
5200,162,24,10,12,51,1.269546037,-2.548261118,0.985470669
5200,26,6,2,9,25,1.162964905,-1.411215564,1.224558622
5200,248,26,8,9,26,-0.126148717,-0.984513314,-0.098637169
5200,100,19,2,7,22,-0.839950392,-0.147270297,-0.753250405
5200,56,12,4,10,48,0.747373089,-1.209995281,0.123203655
5200,20,5,4,8,22,0.32189122,-0.358703147,-1.035824935
5200,198,27,6,9,38,1.260740708,-1.474234201,0.52063746
5200,63,21,3,9,62,0.259198203,-0.921586252,-0.756763475
5200,262,47,3,8,24,-0.042701029,0.279835724,-1.540449596
5200,42,15,8,10,28,0.076388566,-1.385210598,0.399264756
5200,45,14,8,7,22,0.411625668,-0.367445169,-0.285306702
5200,54,7,3,14,40,0.643656723,-0.767587135,-0.211027419
5200,68,16,3,5,27,0.073157182,-1.549336668,0.298272537
5200,127,24,6,10,34,0.664630348,-0.932035927,-0.181478869
5200,45,11,5,5,38,0.294879173,-1.217235588,-0.385230551
5200,158,26,5,9,42,1.025328149,-1.52070886,0.113905215
5200,218,25,5,13,40,0.042825204,-1.189755334,-0.158838516
5200,234,46,2,12,56,-0.065068036,-1.759029325,0.022905255
5200,25,17,3,13,41,-0.610980812,-0.520964774,-0.287496727
5200,22,1,10,5,34,1.972835959,-1.910665226,1.334281195
5200,49,9,2,12,21,-1.096360076,0.465701492,-1.010719297
5200,69,22,5,10,75,0.703481031,-1.40096207,-0.755447346
5200,20,6,4,11,25,-1.771223991,-0.677352212,-1.087700628
5200,41,6,2,9,16,-1.222221896,0.338426105,-0.363751599
5200,85,28,5,13,52,0.074444402,-0.597231584,-1.464724163
5200,79,23,3,11,39,-0.948845918,-0.951050406,-1.285984573
5200,96,13,6,12,50,0.740712289,-0.672754142,-0.495222885
5200,63,15,4,11,25,0.656453489,-1.314341072,0.525208438
5200,27,3,3,11,14,-0.194134482,-0.031431816,-1.340928437
5200,71,12,9,9,48,0.599128131,-2.159454025,0.328272862
5200,62,9,7,9,55,0.400081681,-1.739927083,0.109858995
5200,71,8,4,8,38,1.037947611,-1.015472866,-0.286700874
5200,114,14,10,12,42,-0.8506284,-1.385983201,-0.150180864
5200,55,19,2,13,26,-0.248066308,-1.64426377,0.341538104
5200,91,26,4,11,22,-0.157306736,-0.029710134,0.003929466
5200,55,9,3,11,46,0.803799441,-1.336858969,0.202891614
5200,39,10,4,9,40,0.900396333,-1.83383438,0.168053411
5200,47,12,2,10,30,-0.600027117,-0.550759309,-0.019157596
5200,53,16,4,7,23,0.137420993,-1.451713919,0.347708777
5200,89,20,2,9,51,-0.307422726,-1.013885256,-0.980607186
5200,62,19,4,10,71,1.142801229,-2.115967201,0.202008648
5200,84,24,3,10,43,-0.099045982,-0.426211017,-1.259552646
5200,129,31,2,13,77,-0.540461823,-1.195337144,-0.904411609
5200,78,11,6,9,39,-0.655476076,-1.361506156,-0.518814823
5200,56,6,3,9,41,-0.254828684,-1.815687889,-0.236137028
5200,60,10,3,8,33,0.501963036,-0.295186299,-0.099331819
5200,87,21,8,9,79,1.558931123,-2.583076101,0.980670191
5200,74,14,3,6,22,-0.425272928,-0.949748535,-0.885574626
5200,38,11,5,6,24,0.639146931,-0.426252501,-0.416246496
5200,170,31,4,11,52,0.273139964,-0.87271959,-0.699018404
5200,47,9,4,8,34,0.495912006,-1.740570166,0.832179858
5200,29,5,5,12,51,-0.337569856,-1.720407482,-0.221446697
5200,28,4,6,11,47,-0.246049342,-0.390430469,-1.411559737
5200,29,8,2,11,50,0.45593106,-0.192455468,-0.602882617
5200,47,9,3,16,21,0.317816757,-1.199949295,0.423265896
5200,141,20,2,7,67,0.552198131,-1.344417782,-0.184362778
5200,75,33,5,8,21,0.466677523,-0.638687183,-0.524242984
5200,310,55,3,8,36,0.911381062,-1.231983554,0.19065
5200,41,15,6,4,14,0.2593863,-0.652349065,0.524059607
5200,79,7,3,9,20,0.234432378,-1.133172445,-0.50656524
5200,44,11,3,8,24,-0.666519392,-0.460681653,-0.164029932
5200,78,23,7,10,60,0.965409385,-2.057161352,0.337323937
5200,143,20,6,8,31,0.940157647,-1.02531984,0.746348007
5200,205,34,6,7,36,0.955346256,-1.857404982,0.326127329
5200,63,8,2,6,14,-1.211408969,-0.745007305,-0.555956127
5200,129,23,6,7,35,-1.372872794,-0.47843971,-1.135334535
5200,149,20,2,8,42,0.487063171,-1.777400668,0.607056087
5200,255,24,3,6,21,1.191830994,-1.25167613,0.954506349
5200,165,11,5,13,34,0.909296729,-1.337793155,0.575783308
5200,17,5,3,6,23,-0.862854327,-0.689686659,-0.072863731
5200,67,20,4,7,29,0.636550765,-0.282163471,-0.848166169
5200,62,13,4,10,30,-1.020226681,-0.225162574,-0.869465302
5200,128,21,2,12,28,-1.171432182,-0.315227471,-0.916463866
5200,46,5,8,7,26,0.886146163,-1.399740099,0.127337416